Name,Description,NumberOfCheckboxes,NumberAlreadyCompleted,SectionID,GameID,ListOrder,LongDescription
blue,,1,0,132,4,1,
blush,,1,0,132,4,1,
cloud,,1,0,132,4,1,
cool pink,,1,0,132,4,1,
coral,,1,0,132,4,1,
cream,,1,0,132,4,1,
green,,1,0,132,4,1,
hot pink,,1,0,132,4,1,
ice,,1,0,132,4,1,
indigo,,1,0,132,4,1,
lilac,,1,0,132,4,1,
lime,,1,0,132,4,1,
magenta,,1,0,132,4,1,
mint,,1,0,132,4,1,
orange,,1,0,132,4,1,
peach,,1,0,132,4,1,
periwinkle,,1,0,132,4,1,
pink,,1,0,132,4,1,
pistachio,,1,0,132,4,1,
red,,1,0,132,4,1,
seafoam,,1,0,132,4,1,
sky,,1,0,132,4,1,
teal,,1,0,132,4,1,
violet,,1,0,132,4,1,
warm pink,,1,0,132,4,1,
white,,1,0,132,4,1,
yellow,,1,0,132,4,1,
blue,,1,0,133,4,1,
blush,,1,0,133,4,1,
cloud,,1,0,133,4,1,
cool pink,,1,0,133,4,1,
coral,,1,0,133,4,1,
cream,,1,0,133,4,1,
green,,1,0,133,4,1,
hot pink,,1,0,133,4,1,
ice,,1,0,133,4,1,
indigo,,1,0,133,4,1,
lilac,,1,0,133,4,1,
lime,,1,0,133,4,1,
magenta,,1,0,133,4,1,
mint,,1,0,133,4,1,
orange,,1,0,133,4,1,
peach,,1,0,133,4,1,
periwinkle,,1,0,133,4,1,
pink,,1,0,133,4,1,
pistachio,,1,0,133,4,1,
red,,1,0,133,4,1,
seafoam,,1,0,133,4,1,
sky,,1,0,133,4,1,
teal,,1,0,133,4,1,
violet,,1,0,133,4,1,
warm pink,,1,0,133,4,1,
white,,1,0,133,4,1,
yellow,,1,0,133,4,1,
blue,,1,0,134,4,1,
blush,,1,0,134,4,1,
cloud,,1,0,134,4,1,
cool pink,,1,0,134,4,1,
coral,,1,0,134,4,1,
cream,,1,0,134,4,1,
green,,1,0,134,4,1,
hot pink,,1,0,134,4,1,
ice,,1,0,134,4,1,
indigo,,1,0,134,4,1,
lilac,,1,0,134,4,1,
lime,,1,0,134,4,1,
magenta,,1,0,134,4,1,
mint,,1,0,134,4,1,
orange,,1,0,134,4,1,
peach,,1,0,134,4,1,
periwinkle,,1,0,134,4,1,
pink,,1,0,134,4,1,
pistachio,,1,0,134,4,1,
red,,1,0,134,4,1,
seafoam,,1,0,134,4,1,
sky,,1,0,134,4,1,
teal,,1,0,134,4,1,
violet,,1,0,134,4,1,
warm pink,,1,0,134,4,1,
white,,1,0,134,4,1,
yellow,,1,0,134,4,1,
blue,,1,0,135,4,1,
blush,,1,0,135,4,1,
cloud,,1,0,135,4,1,
cool pink,,1,0,135,4,1,
coral,,1,0,135,4,1,
cream,,1,0,135,4,1,
green,,1,0,135,4,1,
hot pink,,1,0,135,4,1,
ice,,1,0,135,4,1,
indigo,,1,0,135,4,1,
lilac,,1,0,135,4,1,
lime,,1,0,135,4,1,
magenta,,1,0,135,4,1,
mint,,1,0,135,4,1,
orange,,1,0,135,4,1,
peach,,1,0,135,4,1,
periwinkle,,1,0,135,4,1,
pink,,1,0,135,4,1,
pistachio,,1,0,135,4,1,
red,,1,0,135,4,1,
seafoam,,1,0,135,4,1,
sky,,1,0,135,4,1,
teal,,1,0,135,4,1,
violet,,1,0,135,4,1,
warm pink,,1,0,135,4,1,
white,,1,0,135,4,1,
yellow,,1,0,135,4,1,
blue,,1,0,136,4,1,
blush,,1,0,136,4,1,
cloud,,1,0,136,4,1,
cool pink,,1,0,136,4,1,
coral,,1,0,136,4,1,
cream,,1,0,136,4,1,
green,,1,0,136,4,1,
hot pink,,1,0,136,4,1,
ice,,1,0,136,4,1,
indigo,,1,0,136,4,1,
lilac,,1,0,136,4,1,
lime,,1,0,136,4,1,
magenta,,1,0,136,4,1,
mint,,1,0,136,4,1,
orange,,1,0,136,4,1,
peach,,1,0,136,4,1,
periwinkle,,1,0,136,4,1,
pink,,1,0,136,4,1,
pistachio,,1,0,136,4,1,
red,,1,0,136,4,1,
seafoam,,1,0,136,4,1,
sky,,1,0,136,4,1,
teal,,1,0,136,4,1,
violet,,1,0,136,4,1,
warm pink,,1,0,136,4,1,
white,,1,0,136,4,1,
yellow,,1,0,136,4,1,
blue,,1,0,137,4,1,
blush,,1,0,137,4,1,
cloud,,1,0,137,4,1,
cool pink,,1,0,137,4,1,
coral,,1,0,137,4,1,
cream,,1,0,137,4,1,
green,,1,0,137,4,1,
hot pink,,1,0,137,4,1,
ice,,1,0,137,4,1,
indigo,,1,0,137,4,1,
lilac,,1,0,137,4,1,
lime,,1,0,137,4,1,
magenta,,1,0,137,4,1,
mint,,1,0,137,4,1,
orange,,1,0,137,4,1,
peach,,1,0,137,4,1,
periwinkle,,1,0,137,4,1,
pink,,1,0,137,4,1,
pistachio,,1,0,137,4,1,
red,,1,0,137,4,1,
seafoam,,1,0,137,4,1,
sky,,1,0,137,4,1,
teal,,1,0,137,4,1,
violet,,1,0,137,4,1,
warm pink,,1,0,137,4,1,
white,,1,0,137,4,1,
yellow,,1,0,137,4,1,
blue,,1,0,138,4,1,
blush,,1,0,138,4,1,
cloud,,1,0,138,4,1,
cool pink,,1,0,138,4,1,
coral,,1,0,138,4,1,
cream,,1,0,138,4,1,
green,,1,0,138,4,1,
hot pink,,1,0,138,4,1,
ice,,1,0,138,4,1,
indigo,,1,0,138,4,1,
lilac,,1,0,138,4,1,
lime,,1,0,138,4,1,
magenta,,1,0,138,4,1,
mint,,1,0,138,4,1,
orange,,1,0,138,4,1,
peach,,1,0,138,4,1,
periwinkle,,1,0,138,4,1,
pink,,1,0,138,4,1,
pistachio,,1,0,138,4,1,
red,,1,0,138,4,1,
seafoam,,1,0,138,4,1,
sky,,1,0,138,4,1,
teal,,1,0,138,4,1,
violet,,1,0,138,4,1,
warm pink,,1,0,138,4,1,
white,,1,0,138,4,1,
yellow,,1,0,138,4,1,
blue,,1,0,139,4,1,
blush,,1,0,139,4,1,
cloud,,1,0,139,4,1,
cool pink,,1,0,139,4,1,
coral,,1,0,139,4,1,
cream,,1,0,139,4,1,
green,,1,0,139,4,1,
hot pink,,1,0,139,4,1,
ice,,1,0,139,4,1,
indigo,,1,0,139,4,1,
lilac,,1,0,139,4,1,
lime,,1,0,139,4,1,
magenta,,1,0,139,4,1,
mint,,1,0,139,4,1,
orange,,1,0,139,4,1,
peach,,1,0,139,4,1,
periwinkle,,1,0,139,4,1,
pink,,1,0,139,4,1,
pistachio,,1,0,139,4,1,
red,,1,0,139,4,1,
seafoam,,1,0,139,4,1,
sky,,1,0,139,4,1,
teal,,1,0,139,4,1,
violet,,1,0,139,4,1,
warm pink,,1,0,139,4,1,
white,,1,0,139,4,1,
yellow,,1,0,139,4,1,
blue,,1,0,140,4,1,
blush,,1,0,140,4,1,
cloud,,1,0,140,4,1,
cool pink,,1,0,140,4,1,
coral,,1,0,140,4,1,
cream,,1,0,140,4,1,
green,,1,0,140,4,1,
hot pink,,1,0,140,4,1,
ice,,1,0,140,4,1,
indigo,,1,0,140,4,1,
lilac,,1,0,140,4,1,
lime,,1,0,140,4,1,
magenta,,1,0,140,4,1,
mint,,1,0,140,4,1,
orange,,1,0,140,4,1,
peach,,1,0,140,4,1,
periwinkle,,1,0,140,4,1,
pink,,1,0,140,4,1,
pistachio,,1,0,140,4,1,
red,,1,0,140,4,1,
seafoam,,1,0,140,4,1,
sky,,1,0,140,4,1,
teal,,1,0,140,4,1,
violet,,1,0,140,4,1,
warm pink,,1,0,140,4,1,
white,,1,0,140,4,1,
yellow,,1,0,140,4,1,
blue,,1,0,141,4,1,
blush,,1,0,141,4,1,
cloud,,1,0,141,4,1,
cool pink,,1,0,141,4,1,
coral,,1,0,141,4,1,
cream,,1,0,141,4,1,
green,,1,0,141,4,1,
hot pink,,1,0,141,4,1,
ice,,1,0,141,4,1,
indigo,,1,0,141,4,1,
lilac,,1,0,141,4,1,
lime,,1,0,141,4,1,
magenta,,1,0,141,4,1,
mint,,1,0,141,4,1,
orange,,1,0,141,4,1,
peach,,1,0,141,4,1,
periwinkle,,1,0,141,4,1,
pink,,1,0,141,4,1,
pistachio,,1,0,141,4,1,
red,,1,0,141,4,1,
seafoam,,1,0,141,4,1,
sky,,1,0,141,4,1,
teal,,1,0,141,4,1,
violet,,1,0,141,4,1,
warm pink,,1,0,141,4,1,
white,,1,0,141,4,1,
yellow,,1,0,141,4,1,
blue,,1,0,142,4,1,
blush,,1,0,142,4,1,
cloud,,1,0,142,4,1,
cool pink,,1,0,142,4,1,
coral,,1,0,142,4,1,
cream,,1,0,142,4,1,
green,,1,0,142,4,1,
hot pink,,1,0,142,4,1,
ice,,1,0,142,4,1,
indigo,,1,0,142,4,1,
lilac,,1,0,142,4,1,
lime,,1,0,142,4,1,
magenta,,1,0,142,4,1,
mint,,1,0,142,4,1,
orange,,1,0,142,4,1,
peach,,1,0,142,4,1,
periwinkle,,1,0,142,4,1,
pink,,1,0,142,4,1,
pistachio,,1,0,142,4,1,
red,,1,0,142,4,1,
seafoam,,1,0,142,4,1,
sky,,1,0,142,4,1,
teal,,1,0,142,4,1,
violet,,1,0,142,4,1,
warm pink,,1,0,142,4,1,
white,,1,0,142,4,1,
yellow,,1,0,142,4,1,
blue,,1,0,143,4,1,
blush,,1,0,143,4,1,
cloud,,1,0,143,4,1,
cool pink,,1,0,143,4,1,
coral,,1,0,143,4,1,
cream,,1,0,143,4,1,
green,,1,0,143,4,1,
hot pink,,1,0,143,4,1,
ice,,1,0,143,4,1,
indigo,,1,0,143,4,1,
lilac,,1,0,143,4,1,
lime,,1,0,143,4,1,
magenta,,1,0,143,4,1,
mint,,1,0,143,4,1,
orange,,1,0,143,4,1,
peach,,1,0,143,4,1,
periwinkle,,1,0,143,4,1,
pink,,1,0,143,4,1,
pistachio,,1,0,143,4,1,
red,,1,0,143,4,1,
seafoam,,1,0,143,4,1,
sky,,1,0,143,4,1,
teal,,1,0,143,4,1,
violet,,1,0,143,4,1,
warm pink,,1,0,143,4,1,
white,,1,0,143,4,1,
yellow,,1,0,143,4,1,
blue,,1,0,144,4,1,
blush,,1,0,144,4,1,
cloud,,1,0,144,4,1,
cool pink,,1,0,144,4,1,
coral,,1,0,144,4,1,
cream,,1,0,144,4,1,
green,,1,0,144,4,1,
hot pink,,1,0,144,4,1,
ice,,1,0,144,4,1,
indigo,,1,0,144,4,1,
lilac,,1,0,144,4,1,
lime,,1,0,144,4,1,
magenta,,1,0,144,4,1,
mint,,1,0,144,4,1,
orange,,1,0,144,4,1,
peach,,1,0,144,4,1,
periwinkle,,1,0,144,4,1,
pink,,1,0,144,4,1,
pistachio,,1,0,144,4,1,
red,,1,0,144,4,1,
seafoam,,1,0,144,4,1,
sky,,1,0,144,4,1,
teal,,1,0,144,4,1,
violet,,1,0,144,4,1,
warm pink,,1,0,144,4,1,
white,,1,0,144,4,1,
yellow,,1,0,144,4,1,
blue,,1,0,145,4,1,
blush,,1,0,145,4,1,
cloud,,1,0,145,4,1,
cool pink,,1,0,145,4,1,
coral,,1,0,145,4,1,
cream,,1,0,145,4,1,
green,,1,0,145,4,1,
hot pink,,1,0,145,4,1,
ice,,1,0,145,4,1,
indigo,,1,0,145,4,1,
lilac,,1,0,145,4,1,
lime,,1,0,145,4,1,
magenta,,1,0,145,4,1,
mint,,1,0,145,4,1,
orange,,1,0,145,4,1,
peach,,1,0,145,4,1,
periwinkle,,1,0,145,4,1,
pink,,1,0,145,4,1,
pistachio,,1,0,145,4,1,
red,,1,0,145,4,1,
seafoam,,1,0,145,4,1,
sky,,1,0,145,4,1,
teal,,1,0,145,4,1,
violet,,1,0,145,4,1,
warm pink,,1,0,145,4,1,
white,,1,0,145,4,1,
yellow,,1,0,145,4,1,
blue,,1,0,146,4,1,
blush,,1,0,146,4,1,
cloud,,1,0,146,4,1,
cool pink,,1,0,146,4,1,
coral,,1,0,146,4,1,
cream,,1,0,146,4,1,
green,,1,0,146,4,1,
hot pink,,1,0,146,4,1,
ice,,1,0,146,4,1,
indigo,,1,0,146,4,1,
lilac,,1,0,146,4,1,
lime,,1,0,146,4,1,
magenta,,1,0,146,4,1,
mint,,1,0,146,4,1,
orange,,1,0,146,4,1,
peach,,1,0,146,4,1,
periwinkle,,1,0,146,4,1,
pink,,1,0,146,4,1,
pistachio,,1,0,146,4,1,
red,,1,0,146,4,1,
seafoam,,1,0,146,4,1,
sky,,1,0,146,4,1,
teal,,1,0,146,4,1,
violet,,1,0,146,4,1,
warm pink,,1,0,146,4,1,
white,,1,0,146,4,1,
yellow,,1,0,146,4,1,
blue,,1,0,147,4,1,
blush,,1,0,147,4,1,
cloud,,1,0,147,4,1,
cool pink,,1,0,147,4,1,
coral,,1,0,147,4,1,
cream,,1,0,147,4,1,
green,,1,0,147,4,1,
hot pink,,1,0,147,4,1,
ice,,1,0,147,4,1,
indigo,,1,0,147,4,1,
lilac,,1,0,147,4,1,
lime,,1,0,147,4,1,
magenta,,1,0,147,4,1,
mint,,1,0,147,4,1,
orange,,1,0,147,4,1,
peach,,1,0,147,4,1,
periwinkle,,1,0,147,4,1,
pink,,1,0,147,4,1,
pistachio,,1,0,147,4,1,
red,,1,0,147,4,1,
seafoam,,1,0,147,4,1,
sky,,1,0,147,4,1,
teal,,1,0,147,4,1,
violet,,1,0,147,4,1,
warm pink,,1,0,147,4,1,
white,,1,0,147,4,1,
yellow,,1,0,147,4,1,
blue,,1,0,148,4,1,
blush,,1,0,148,4,1,
cloud,,1,0,148,4,1,
cool pink,,1,0,148,4,1,
coral,,1,0,148,4,1,
cream,,1,0,148,4,1,
green,,1,0,148,4,1,
hot pink,,1,0,148,4,1,
ice,,1,0,148,4,1,
indigo,,1,0,148,4,1,
lilac,,1,0,148,4,1,
lime,,1,0,148,4,1,
magenta,,1,0,148,4,1,
mint,,1,0,148,4,1,
orange,,1,0,148,4,1,
peach,,1,0,148,4,1,
periwinkle,,1,0,148,4,1,
pink,,1,0,148,4,1,
pistachio,,1,0,148,4,1,
red,,1,0,148,4,1,
seafoam,,1,0,148,4,1,
sky,,1,0,148,4,1,
teal,,1,0,148,4,1,
violet,,1,0,148,4,1,
warm pink,,1,0,148,4,1,
white,,1,0,148,4,1,
yellow,,1,0,148,4,1,
blue,,1,0,149,4,1,
blush,,1,0,149,4,1,
cloud,,1,0,149,4,1,
cool pink,,1,0,149,4,1,
coral,,1,0,149,4,1,
cream,,1,0,149,4,1,
green,,1,0,149,4,1,
hot pink,,1,0,149,4,1,
ice,,1,0,149,4,1,
indigo,,1,0,149,4,1,
lilac,,1,0,149,4,1,
lime,,1,0,149,4,1,
magenta,,1,0,149,4,1,
mint,,1,0,149,4,1,
orange,,1,0,149,4,1,
peach,,1,0,149,4,1,
periwinkle,,1,0,149,4,1,
pink,,1,0,149,4,1,
pistachio,,1,0,149,4,1,
red,,1,0,149,4,1,
seafoam,,1,0,149,4,1,
sky,,1,0,149,4,1,
teal,,1,0,149,4,1,
violet,,1,0,149,4,1,
warm pink,,1,0,149,4,1,
white,,1,0,149,4,1,
yellow,,1,0,149,4,1,
blue,,1,0,150,4,1,
blush,,1,0,150,4,1,
cloud,,1,0,150,4,1,
cool pink,,1,0,150,4,1,
coral,,1,0,150,4,1,
cream,,1,0,150,4,1,
green,,1,0,150,4,1,
hot pink,,1,0,150,4,1,
ice,,1,0,150,4,1,
indigo,,1,0,150,4,1,
lilac,,1,0,150,4,1,
lime,,1,0,150,4,1,
magenta,,1,0,150,4,1,
mint,,1,0,150,4,1,
orange,,1,0,150,4,1,
peach,,1,0,150,4,1,
periwinkle,,1,0,150,4,1,
pink,,1,0,150,4,1,
pistachio,,1,0,150,4,1,
red,,1,0,150,4,1,
seafoam,,1,0,150,4,1,
sky,,1,0,150,4,1,
teal,,1,0,150,4,1,
violet,,1,0,150,4,1,
warm pink,,1,0,150,4,1,
white,,1,0,150,4,1,
yellow,,1,0,150,4,1,
blue,,1,0,151,4,1,
blush,,1,0,151,4,1,
cloud,,1,0,151,4,1,
cool pink,,1,0,151,4,1,
coral,,1,0,151,4,1,
cream,,1,0,151,4,1,
green,,1,0,151,4,1,
hot pink,,1,0,151,4,1,
ice,,1,0,151,4,1,
indigo,,1,0,151,4,1,
lilac,,1,0,151,4,1,
lime,,1,0,151,4,1,
magenta,,1,0,151,4,1,
mint,,1,0,151,4,1,
orange,,1,0,151,4,1,
peach,,1,0,151,4,1,
periwinkle,,1,0,151,4,1,
pink,,1,0,151,4,1,
pistachio,,1,0,151,4,1,
red,,1,0,151,4,1,
seafoam,,1,0,151,4,1,
sky,,1,0,151,4,1,
teal,,1,0,151,4,1,
violet,,1,0,151,4,1,
warm pink,,1,0,151,4,1,
white,,1,0,151,4,1,
yellow,,1,0,151,4,1,
