GameID,GameName,FriendlyName,SectionName,SectionListOrder,RecordID,RecordName,RecordDescription,NumberOfCheckboxes,NumberAlreadyCompleted,RecordListOrder,RecordLongDescription
3,hades,Hades,"Fated List of Minor Prophecies",2,1527,"Is There No Escape? ",,1,1,1,
3,hades,Hades,"Fated List of Minor Prophecies",2,1528,"The Queen's Plan ",,1,0,2,
3,hades,Hades,"Fated List of Minor Prophecies",2,1529,"Family Reunion ",,1,0,3,
3,hades,Hades,"Fated List of Minor Prophecies",2,1530,"End To Torment ",,1,0,4,
3,hades,Hades,"Fated List of Minor Prophecies",2,1531,"Divided by Death ",,1,0,5,
3,hades,Hades,"Fated List of Minor Prophecies",2,1532,"Night and Darkness ",,1,0,6,
3,hades,Hades,"Fated List of Minor Prophecies",2,1533,"Chthonic Colleagues ",,1,1,7,
3,hades,Hades,"Fated List of Minor Prophecies",2,1534,"Musician and Muse ",,1,0,8,
3,hades,Hades,"Fated List of Minor Prophecies",2,1535,"The Reluctant Musician ",,1,1,9,
3,hades,Hades,"Fated List of Minor Prophecies",2,1536,"War-God's Bloodlust ",,1,0,10,
3,hades,Hades,"Fated List of Minor Prophecies",2,1537,"Infernal Arms ",,1,1,11,
3,hades,Hades,"Fated List of Minor Prophecies",2,1538,"A Violent Past ",,1,0,12,
3,hades,Hades,"Fated List of Minor Prophecies",2,1539,"Close at Heart ",,1,0,13,
3,hades,Hades,"Fated List of Minor Prophecies",2,1540,"Slashed Benefits ",,1,0,14,
3,hades,Hades,"Fated List of Minor Prophecies",2,1541,"Dark Reflections ",,1,0,15,
3,hades,Hades,"Fated List of Minor Prophecies",2,1542,"Harsh Conditions ",,1,0,16,
3,hades,Hades,"Fated List of Minor Prophecies",2,1543,"A Simple Job ",,1,1,17,
3,hades,Hades,"Fated List of Minor Prophecies",2,1544,"The Useless Trinket ",,1,0,18,
3,hades,Hades,"Fated List of Minor Prophecies",2,1545,"Distant Relatives",,1,1,19,
3,hades,Hades,"Fated List of Minor Prophecies",2,1546,"Eternal Rest",,1,0,20,
3,hades,Hades,"Fated List of Minor Prophecies",2,1547,"Sea-God's Spite",,1,0,21,
3,hades,Hades,"Fated List of Minor Prophecies",2,1548,"Master of Arms",,1,0,22,
3,hades,Hades,"Fated List of Minor Prophecies",2,1549,"Chthonic Knowledge",,1,1,23,
3,hades,Hades,"Fated List of Minor Prophecies",2,1550,"Denizens of the Deep",,1,0,24,
3,hades,Hades,"Fated List of Minor Prophecies",2,1551,"The Gift of Song",,1,0,25,
3,hades,Hades,"Fated List of Minor Prophecies",2,1552,"A Place of Revelry",,1,0,26,
3,hades,Hades,"Fated List of Minor Prophecies",2,1553,"Amusing Chaos",,1,0,27,
3,hades,Hades,"Fated List of Minor Prophecies",2,1554,"A Friendly Wager",,1,0,28,
3,hades,Hades,"Fated List of Minor Prophecies",2,1555,"Goddess of Wisdom",,1,0,29,
3,hades,Hades,"Fated List of Minor Prophecies",2,1556,"God of the Heavens",,1,0,30,
3,hades,Hades,"Fated List of Minor Prophecies",2,1557,"God of the Sea",,1,0,31,
3,hades,Hades,"Fated List of Minor Prophecies",2,1558,"Goddess of Love",,1,0,32,
3,hades,Hades,"Fated List of Minor Prophecies",2,1559,"God of War",,1,0,33,
3,hades,Hades,"Fated List of Minor Prophecies",2,1560,"Goddess of the Hunt",,1,0,34,
3,hades,Hades,"Fated List of Minor Prophecies",2,1561,"God of Wine",,1,0,35,
3,hades,Hades,"Fated List of Minor Prophecies",2,1562,"God of Swiftness",,1,0,36,
3,hades,Hades,"Fated List of Minor Prophecies",2,1563,"Goddess of the Seasons",,1,0,37,
3,hades,Hades,"Fated List of Minor Prophecies",2,1564,"Power Without Equal",,1,0,38,
3,hades,Hades,"Fated List of Minor Prophecies",2,1565,"Divine Pairings",,1,0,39,
3,hades,Hades,"Fated List of Minor Prophecies",2,1566,"Primordial Boons",,1,0,40,
3,hades,Hades,"Fated List of Minor Prophecies",2,1567,"Primordial Banes",,1,0,41,
3,hades,Hades,"Fated List of Minor Prophecies",2,1568,"The Stygian Blade",,1,0,42,
3,hades,Hades,"Fated List of Minor Prophecies",2,1569,"The Holy Liege",,1,0,43,
3,hades,Hades,"Fated List of Minor Prophecies",2,1570,"The Fated Saint of War",,1,0,44,
3,hades,Hades,"Fated List of Minor Prophecies",2,1571,"The Preserver's Avatar",,1,0,45,
3,hades,Hades,"Fated List of Minor Prophecies",2,1572,"The Dragon's Rival",,1,0,46,
3,hades,Hades,"Fated List of Minor Prophecies",2,1573,"The God-like King",,1,0,47,
3,hades,Hades,"Fated List of Minor Prophecies",2,1574,"The Dawn Bringer",,1,0,48,
3,hades,Hades,"Fated List of Minor Prophecies",2,1575,"The Heart-Seeking Bow",,1,0,49,
3,hades,Hades,"Fated List of Minor Prophecies",2,1576,"The Shield of Chaos",,1,0,50,
3,hades,Hades,"Fated List of Minor Prophecies",2,1577,"The Eternal Spear",,1,0,51,
3,hades,Hades,"Fated List of Minor Prophecies",2,1578,"The Twin Fists",,1,0,52,
3,hades,Hades,"Fated List of Minor Prophecies",2,1579,"The Adamant Rail",,1,0,53,
3,hades,Hades,"Fated List of Minor Prophecies",2,1580,"Wanton Ransacking",,1,0,54,
3,hades,Hades,"Fated List of Minor Prophecies",2,1581,"Customer Loyalty",,1,0,55,
3,hades,Hades,Boons-Aphrodite,3,1582,"Aphrodite's Aid",,1,1,1,
3,hades,Hades,Boons-Aphrodite,3,1583,"Blown Kiss",,1,0,2,
3,hades,Hades,Boons-Aphrodite,3,1584,"Broken Resolve",,1,0,3,
3,hades,Hades,Boons-Aphrodite,3,1585,"Crush Shot",,1,1,4,
3,hades,Hades,Boons-Aphrodite,3,1586,"Different League",,1,1,5,
3,hades,Hades,Boons-Aphrodite,3,1587,"Dying Lament",,1,1,6,
3,hades,Hades,Boons-Aphrodite,3,1588,"Empty Inside",,1,0,7,
3,hades,Hades,Boons-Aphrodite,3,1589,"Heartbreak Flourish",,1,1,8,
3,hades,Hades,Boons-Aphrodite,3,1590,"Heartbreak Strike",,1,1,9,
3,hades,Hades,Boons-Aphrodite,3,1591,"Life Affirmation",,1,1,10,
3,hades,Hades,Boons-Aphrodite,3,1592,"Passion Dash",,1,1,11,
3,hades,Hades,Boons-Aphrodite,3,1593,"Sweet Surrender",,1,0,12,
3,hades,Hades,Boons-Aphrodite,3,1594,"Unhealthy Fixation",,1,0,13,
3,hades,Hades,Boons-Aphrodite,3,1595,"Wave of Despair",,1,1,14,
3,hades,Hades,Boons-Ares,4,1596,"Ares's Aid",,1,1,1,
3,hades,Hades,Boons-Ares,4,1597,"Battle Rage",,1,1,2,
3,hades,Hades,Boons-Ares,4,1598,"Black Metal",,1,0,3,
3,hades,Hades,Boons-Ares,4,1599,"Blade Dash",,1,1,4,
3,hades,Hades,Boons-Ares,4,1600,"Blood Frenzy",,1,1,5,
3,hades,Hades,Boons-Ares,4,1601,"Curse of Agony",,1,1,6,
3,hades,Hades,Boons-Ares,4,1602,"Curse of Pain",,1,1,7,
3,hades,Hades,Boons-Ares,4,1603,"Curse of Vengeance",,1,1,8,
3,hades,Hades,Boons-Ares,4,1604,"Dire Misfortune",,1,1,9,
3,hades,Hades,Boons-Ares,4,1605,"Englufing Vortex",,1,1,10,
3,hades,Hades,Boons-Ares,4,1606,"Impending Doom",,1,0,11,
3,hades,Hades,Boons-Ares,4,1607,"Slicing Shot",,1,1,12,
3,hades,Hades,Boons-Ares,4,1608,"Urge to Kill",,1,1,13,
3,hades,Hades,Boons-Ares,4,1609,"Vicious Cycle",,1,0,14,
3,hades,Hades,Boons-Artemis,5,1610,"Atremis' Aid",,1,0,1,
3,hades,Hades,Boons-Artemis,5,1611,"Clean Kill",,1,0,2,
3,hades,Hades,Boons-Artemis,5,1612,"Deadly Flourish",,1,1,3,
3,hades,Hades,Boons-Artemis,5,1613,"Deadly Strike",,1,1,4,
3,hades,Hades,Boons-Artemis,5,1614,"Exit Wounds",,1,1,5,
3,hades,Hades,Boons-Artemis,5,1615,"Fully Loaded",,1,0,6,
3,hades,Hades,Boons-Artemis,5,1616,"Hide Breaker",,1,0,7,
3,hades,Hades,Boons-Artemis,5,1617,"Hunter Dash",,1,1,8,
3,hades,Hades,Boons-Artemis,5,1618,"Hunter Instinct",,1,0,9,
3,hades,Hades,Boons-Artemis,5,1619,"Hunter's Mark",,1,1,10,
3,hades,Hades,Boons-Artemis,5,1620,"Pressure Points",,1,1,11,
3,hades,Hades,Boons-Artemis,5,1621,"Support Fire",,1,0,12,
3,hades,Hades,Boons-Artemis,5,1622,"True Shot",,1,1,13,
3,hades,Hades,Boons-Athena,6,1623,"Athena's Aid",,1,1,1,
3,hades,Hades,Boons-Athena,6,1624,"Blinding Flash",,1,1,2,
3,hades,Hades,Boons-Athena,6,1625,"Brilliant Riposte",,1,0,3,
3,hades,Hades,Boons-Athena,6,1626,"Bronze Skin",,1,1,4,
3,hades,Hades,Boons-Athena,6,1627,"Divine Dash",,1,1,5,
3,hades,Hades,Boons-Athena,6,1628,"Divine Flourish",,1,0,6,
3,hades,Hades,Boons-Athena,6,1629,"Divine Protection",,1,0,7,
3,hades,Hades,Boons-Athena,6,1630,"Divine Strike",,1,1,8,
3,hades,Hades,Boons-Athena,6,1631,"Holy Shield",,1,1,9,
3,hades,Hades,Boons-Athena,6,1632,"Phalanx Shot",,1,1,10,
3,hades,Hades,Boons-Athena,6,1633,"Proud Bearing",,1,1,11,
3,hades,Hades,Boons-Athena,6,1634,"Sure Footing",,1,1,12,
3,hades,Hades,Boons-Demeter,7,1635,"Arctic Blast",,1,1,1,
3,hades,Hades,Boons-Demeter,7,1636,"Crystal Beam",,1,1,2,
3,hades,Hades,Boons-Demeter,7,1637,"Demeter's Aid",,1,1,3,
3,hades,Hades,Boons-Demeter,7,1638,"Frost Flourish",,1,1,4,
3,hades,Hades,Boons-Demeter,7,1639,"Frost Strike",,1,1,5,
3,hades,Hades,Boons-Demeter,7,1640,"Frozen Touch",,1,1,6,
3,hades,Hades,Boons-Demeter,7,1641,"Glacial Glare",,1,0,7,
3,hades,Hades,Boons-Demeter,7,1642,"Killing Freeze",,1,1,8,
3,hades,Hades,Boons-Demeter,7,1643,"Mistral Dash",,1,1,9,
3,hades,Hades,Boons-Demeter,7,1644,"Ravenous Will",,1,1,10,
3,hades,Hades,Boons-Demeter,7,1645,"Snow Burst",,1,1,11,
3,hades,Hades,Boons-Demeter,7,1646,"Winter Harvest",,1,0,12,
3,hades,Hades,Boons-Dionysus,8,1647,"After Party",,1,1,1,
3,hades,Hades,Boons-Dionysus,8,1648,"Bad Influence",,1,1,2,
3,hades,Hades,Boons-Dionysus,8,1649,"Black Out",,1,0,3,
3,hades,Hades,Boons-Dionysus,8,1650,"Dionysus' Aid",,1,1,4,
3,hades,Hades,Boons-Dionysus,8,1651,"Drunken Dash",,1,1,5,
3,hades,Hades,Boons-Dionysus,8,1652,"Drunken Flourish",,1,1,6,
3,hades,Hades,Boons-Dionysus,8,1653,"Drunken Strike",,1,1,7,
3,hades,Hades,Boons-Dionysus,8,1654,"High Tolerance",,1,0,8,
3,hades,Hades,Boons-Dionysus,8,1655,"Numbing Sensation",,1,1,9,
3,hades,Hades,Boons-Dionysus,8,1656,"Peer Pressure",,1,0,10,
3,hades,Hades,Boons-Dionysus,8,1657,"Positive Outlook",,1,1,11,
3,hades,Hades,Boons-Dionysus,8,1658,"Premium Vintage",,1,1,12,
3,hades,Hades,Boons-Dionysus,8,1659,"Strong Drink",,1,1,13,
3,hades,Hades,Boons-Dionysus,8,1660,"Trippy Shot",,1,1,14,
3,hades,Hades,Boons-Hermes,9,1661,"Bad News",,1,0,1,
3,hades,Hades,Boons-Hermes,9,1662,"Flurry Cast",,1,1,2,
3,hades,Hades,Boons-Hermes,9,1663,"Greater Evasion",,1,1,3,
3,hades,Hades,Boons-Hermes,9,1664,"Greater Haste",,1,1,4,
3,hades,Hades,Boons-Hermes,9,1665,"Greater Recall",,1,0,5,
3,hades,Hades,Boons-Hermes,9,1666,"Greatest Reflex",,1,1,6,
3,hades,Hades,Boons-Hermes,9,1667,"Hyper Sprint",,1,1,7,
3,hades,Hades,Boons-Hermes,9,1668,"Quick Favor",,1,1,8,
3,hades,Hades,Boons-Hermes,9,1669,"Quick Recovery",,1,1,9,
3,hades,Hades,Boons-Hermes,9,1670,"Quick Reload",,1,1,10,
3,hades,Hades,Boons-Hermes,9,1671,"Rush Delivery",,1,0,11,
3,hades,Hades,Boons-Hermes,9,1672,"Second Wind",,1,0,12,
3,hades,Hades,Boons-Hermes,9,1673,"Side Hustle",,1,1,13,
3,hades,Hades,Boons-Hermes,9,1674,"Swift Flourish",,1,0,14,
3,hades,Hades,Boons-Hermes,9,1675,"Swift Strike",,1,1,15,
3,hades,Hades,Boons-Poseidon,10,1676,"Boiling Point",,1,1,1,
3,hades,Hades,Boons-Poseidon,10,1677,"Breaking Wave",,1,0,2,
3,hades,Hades,Boons-Poseidon,10,1678,"Flood Shot",,1,1,3,
3,hades,Hades,Boons-Poseidon,10,1679,"Huge Catch",,1,1,4,
3,hades,Hades,Boons-Poseidon,10,1680,"Hydraulic Might",,1,1,5,
3,hades,Hades,Boons-Poseidon,10,1681,"Ocean's Bounty",,1,1,6,
3,hades,Hades,Boons-Poseidon,10,1682,"Poseidon's Aid",,1,1,7,
3,hades,Hades,Boons-Poseidon,10,1683,"Razor Shoals",,1,1,8,
3,hades,Hades,Boons-Poseidon,10,1684,"Rip Current",,1,0,9,
3,hades,Hades,Boons-Poseidon,10,1685,"Second Wave",,1,0,10,
3,hades,Hades,Boons-Poseidon,10,1686,"Tempest Flourish",,1,1,11,
3,hades,Hades,Boons-Poseidon,10,1687,"Tempest Strike",,1,1,12,
3,hades,Hades,Boons-Poseidon,10,1688,"Tidal Dash",,1,1,13,
3,hades,Hades,Boons-Poseidon,10,1689,"Typhoon's Fury",,1,1,14,
3,hades,Hades,Boons-Poseidon,10,1690,"Wave Pounding",,1,0,15,
3,hades,Hades,Boons-Zeus,11,1691,"Billowing Strength",,1,0,1,
3,hades,Hades,Boons-Zeus,11,1692,"Clouded Judgement",,1,0,2,
3,hades,Hades,Boons-Zeus,11,1693,"Double Strike",,1,0,3,
3,hades,Hades,Boons-Zeus,11,1694,"Electric Shot",,1,1,4,
3,hades,Hades,Boons-Zeus,11,1695,"Heaven's Vengeance",,1,1,5,
3,hades,Hades,Boons-Zeus,11,1696,"High Voltage",,1,1,6,
3,hades,Hades,Boons-Zeus,11,1697,"Lightning Reflexes",,1,1,7,
3,hades,Hades,Boons-Zeus,11,1698,"Lightning Strike",,1,1,8,
3,hades,Hades,Boons-Zeus,11,1699,"Splitting Bolt",,1,0,9,
3,hades,Hades,Boons-Zeus,11,1700,"Static Discharge",,1,1,10,
3,hades,Hades,Boons-Zeus,11,1701,"Storm Lightning",,1,1,11,
3,hades,Hades,Boons-Zeus,11,1702,"Thunder Dash",,1,1,12,
3,hades,Hades,Boons-Zeus,11,1703,"Thunder Flourish",,1,1,13,
3,hades,Hades,Boons-Zeus,11,1704,"Zeus' Aid",,1,1,14,
3,hades,Hades,Boons-Chaos,12,1705,"Abyssal Favor",,1,0,1,
3,hades,Hades,Boons-Chaos,12,1706,"Abyssal Flourish",,1,1,2,
3,hades,Hades,Boons-Chaos,12,1707,"Abyssal Strike",,1,1,3,
3,hades,Hades,Boons-Chaos,12,1708,"Addled Grasp",,1,0,4,
3,hades,Hades,Boons-Chaos,12,1709,"Caustic Ambush",,1,0,5,
3,hades,Hades,Boons-Chaos,12,1710,Defiance,,1,0,6,
3,hades,Hades,Boons-Chaos,12,1711,"Enshrouded Eclipse",,1,1,7,
3,hades,Hades,Boons-Chaos,12,1712,"Enshrouded Favor",,1,1,8,
3,hades,Hades,Boons-Chaos,12,1713,"Enshrouded Grasp",,1,1,9,
3,hades,Hades,Boons-Chaos,12,1714,"Flayed Affluence",,1,0,10,
3,hades,Hades,Boons-Chaos,12,1715,"Halting Flourish",,1,1,11,
3,hades,Hades,Boons-Chaos,12,1716,"Maimed Soul",,1,0,12,
3,hades,Hades,Boons-Chaos,12,1717,"Maimed Strike",,1,0,13,
3,hades,Hades,Boons-Chaos,12,1718,"Named Ambush",,1,0,14,
3,hades,Hades,Boons-Chaos,12,1719,"Pauper's Soul",,1,1,15,
3,hades,Hades,Boons-Chaos,12,1720,"Roiling Eclipse",,1,1,16,
3,hades,Hades,Boons-Chaos,12,1721,"Roiling Flourish",,1,1,17,
3,hades,Hades,Boons-Chaos,12,1722,"Slippery Ambush",,1,1,18,
3,hades,Hades,Boons-Chaos,12,1723,"Slippery Eclipse",,1,1,19,
3,hades,Hades,Boons-Chaos,12,1724,"Slippery Flourish",,1,0,20,
3,hades,Hades,Boons-Chaos,12,1725,"Slippery Shot",,1,0,21,
3,hades,Hades,"Duo Boons",13,1726,"Curse of Longing (Aphrodite & Ares)",,1,0,1,
3,hades,Hades,"Duo Boons",13,1727,"Heart Rend (Aphrodite & Artemis)",,1,0,2,
3,hades,Hades,"Duo Boons",13,1728,"Parting Shot (Aphrodite & Athena)",,1,0,3,
3,hades,Hades,"Duo Boons",13,1729,"Cold Embrace (Aphrodite & Demeter)",,1,1,4,
3,hades,Hades,"Duo Boons",13,1730,"Low Tolerance (Aphrodite & Dionysus)",,1,1,5,
3,hades,Hades,"Duo Boons",13,1731,"Sweet Nectar (Aphrodite & Poseidon)",,1,0,6,
3,hades,Hades,"Duo Boons",13,1732,"Smoldering Air (Aphrodite & Zeus)",,1,0,7,
3,hades,Hades,"Duo Boons",13,1733,"Hunting Blades (Ares & Artemis)",,1,0,8,
3,hades,Hades,"Duo Boons",13,1734,"Merciful End (Ares & Athena)",,1,0,9,
3,hades,Hades,"Duo Boons",13,1735,"Freezing Vortex (Ares & Demeter)",,1,0,10,
3,hades,Hades,"Duo Boons",13,1736,"Curse of Nausea (Ares & Dionysus)",,1,1,11,
3,hades,Hades,"Duo Boons",13,1737,"Curse of Drowning (Ares & Poseidon)",,1,0,12,
3,hades,Hades,"Duo Boons",13,1738,"Vengeful Mood (Ares & Zeus)",,1,1,13,
3,hades,Hades,"Duo Boons",13,1739,"Deadly Reversal (Artemis & Athena)",,1,0,14,
3,hades,Hades,"Duo Boons",13,1740,"Crystal Clarity (Artemis & Demeter)",,1,0,15,
3,hades,Hades,"Duo Boons",13,1741,"Splitting Headache (Artemis & Dionysus)",,1,0,16,
3,hades,Hades,"Duo Boons",13,1742,"Mirage Shot (Artemis & Poseidon)",,1,0,17,
3,hades,Hades,"Duo Boons",13,1743,"Lightning Rod (Artemis & Zeus)",,1,1,18,
3,hades,Hades,"Duo Boons",13,1744,"Stubborn Roots (Athena & Demeter)",,1,0,19,
3,hades,Hades,"Duo Boons",13,1745,"Calculated Risk (Athena & Dionysus)",,1,0,20,
3,hades,Hades,"Duo Boons",13,1746,"Unshakable Mettle (Athena & Poseidon)",,1,0,21,
3,hades,Hades,"Duo Boons",13,1747,"Lightning Phalanx (Athena & Zeus)",,1,0,22,
3,hades,Hades,"Duo Boons",13,1748,"Ice Wine (Demeter & Dionysus)",,1,0,23,
3,hades,Hades,"Duo Boons",13,1749,"Blizzard Shot (Demeter & Poseidon)",,1,0,24,
3,hades,Hades,"Duo Boons",13,1750,"Cold Fusion (Demeter & Zeus)",,1,0,25,
3,hades,Hades,"Duo Boons",13,1751,"Exclusive Access (Dionysus & Poseidon)",,1,0,26,
3,hades,Hades,"Duo Boons",13,1752,"Scintillating Feast (Dionysus & Zeus)",,1,0,27,
3,hades,Hades,"Duo Boons",13,1753,"Sea Storm (Poseidon & Zeus)",,1,0,28,
3,hades,Hades,"Mirror Upgrades",14,1754,"Shadow Presence",,1,0,1,
3,hades,Hades,"Mirror Upgrades",14,1755,"Fiery Presence",,1,0,2,
3,hades,Hades,"Mirror Upgrades",14,1756,"Chthonic Vitality",,1,0,3,
3,hades,Hades,"Mirror Upgrades",14,1757,"Dark Regeneration",,1,0,4,
3,hades,Hades,"Mirror Upgrades",14,1758,"Death Defiance",,1,0,5,
3,hades,Hades,"Mirror Upgrades",14,1759,"Stubborn Defiance",,1,0,6,
3,hades,Hades,"Mirror Upgrades",14,1760,"Greater Reflex",,1,0,7,
3,hades,Hades,"Mirror Upgrades",14,1761,"Ruthless Reflex",,1,0,8,
3,hades,Hades,"Mirror Upgrades",14,1762,"Boiling Blood",,1,0,9,
3,hades,Hades,"Mirror Upgrades",14,1763,"Abyssal Blood",,1,0,10,
3,hades,Hades,"Mirror Upgrades",14,1764,"Infernal Soul",,1,0,11,
3,hades,Hades,"Mirror Upgrades",14,1765,"Stygian Soul",,1,0,12,
3,hades,Hades,"Mirror Upgrades",14,1766,"Deep Pockets",,1,0,13,
3,hades,Hades,"Mirror Upgrades",14,1767,"Golden Touch",,1,0,14,
3,hades,Hades,"Mirror Upgrades",14,1768,"Thick Skin",,1,0,15,
3,hades,Hades,"Mirror Upgrades",14,1769,"High Confidence",,1,0,16,
3,hades,Hades,"Mirror Upgrades",14,1770,"Privileged Status",,1,0,17,
3,hades,Hades,"Mirror Upgrades",14,1771,"Family Favorite",,1,0,18,
3,hades,Hades,"Mirror Upgrades",14,1772,"Olympian Favor",,1,0,19,
3,hades,Hades,"Mirror Upgrades",14,1773,"Dark Foresight",,1,0,20,
3,hades,Hades,"Mirror Upgrades",14,1774,"God's Pride",,1,0,21,
3,hades,Hades,"Mirror Upgrades",14,1775,"God's Legacy",,1,0,22,
3,hades,Hades,"Mirror Upgrades",14,1776,"Fated Authority",,1,0,23,
3,hades,Hades,"Mirror Upgrades",14,1777,"Fated Persuasion",,1,0,24,
3,hades,Hades,Keepsakes,15,1778,"Old Spiked Collar (Cerberus)",,3,2,1,
3,hades,Hades,Keepsakes,15,1779,"Myrmidon Bracer (Achilles)",,3,2,2,
3,hades,Hades,Keepsakes,15,1780,"Black Shawl (Nyx)",,3,2,3,
3,hades,Hades,Keepsakes,15,1781,"Pierced Butterfly (Thanatos)",,3,1,4,
3,hades,Hades,Keepsakes,15,1782,"Bone Hourglass (Charon)",,3,1,5,
3,hades,Hades,Keepsakes,15,1783,"Chthonic Coin Purse (Hypnos)",,3,2,6,
3,hades,Hades,Keepsakes,15,1784,"Skull Earring (Megaera)",,3,1,7,
3,hades,Hades,Keepsakes,15,1785,"Distant Memory (Orpheus)",,3,1,8,
3,hades,Hades,Keepsakes,15,1786,"Harpy Feather Duster (Dusa)",,3,2,9,
3,hades,Hades,Keepsakes,15,1787,"Lucky Tooth (Skelly)",,3,3,10,
3,hades,Hades,Keepsakes,15,1788,"Thunder Signet (Zeus)",,3,1,11,
3,hades,Hades,Keepsakes,15,1789,"Conch Shell (Poseidon)",,3,1,12,
3,hades,Hades,Keepsakes,15,1790,"Owl Pendant (Athena)",,3,1,13,
3,hades,Hades,Keepsakes,15,1791,"Eternal Rose (Aphrodite)",,3,1,14,
3,hades,Hades,Keepsakes,15,1792,"Blood-Filled Vial (Ares)",,3,1,15,
3,hades,Hades,Keepsakes,15,1793,"Adamant Arrowhead (Artemis)",,3,1,16,
3,hades,Hades,Keepsakes,15,1794,"Overflowing Cup (Dionysus)",,3,1,17,
3,hades,Hades,Keepsakes,15,1795,"Lambent Plume (Hermes)",,3,1,18,
3,hades,Hades,Keepsakes,15,1796,"Frostbitten Horn (Demeter)",,3,1,19,
3,hades,Hades,Keepsakes,15,1797,"Cosmic Egg (Chaos)",,3,1,20,
3,hades,Hades,Keepsakes,15,1798,"Shattered Shackle (Sisyphus)",,3,1,21,
3,hades,Hades,Keepsakes,15,1799,"Evergreen Acorn (Eurydice)",,3,1,22,
3,hades,Hades,Keepsakes,15,1800,"Broken Spearpoint (Patroclus)",,3,2,23,
3,hades,Hades,Keepsakes,15,1801,"Pom Blossom (Persephone)",,3,0,24,
3,hades,Hades,Keepsakes,15,1802,"Sigil of the Dead (Hades)",,3,0,25,
3,hades,Hades,"House Contractor - Work Orders",16,1803,"Fountain Chamber, Tartarus",,1,1,1,
3,hades,Hades,"House Contractor - Work Orders",16,1804,"Underworld Fountains, Purified",,1,1,2,
3,hades,Hades,"House Contractor - Work Orders",16,1805,"Underworld Fountains, Holy",,1,1,3,
3,hades,Hades,"House Contractor - Work Orders",16,1806,"Fountain Chamber, Asphodel",,1,1,4,
3,hades,Hades,"House Contractor - Work Orders",16,1807,"Fountain Chamber, Elysium",,1,1,5,
3,hades,Hades,"House Contractor - Work Orders",16,1808,"Plunder, Lesser",,1,1,6,
3,hades,Hades,"House Contractor - Work Orders",16,1809,"Plunder, Greater",,1,1,7,
3,hades,Hades,"House Contractor - Work Orders",16,1810,"Plunder, Superior",,1,0,8,
3,hades,Hades,"House Contractor - Work Orders",16,1811,"Urns of Wealth, Lesser",,1,1,9,
3,hades,Hades,"House Contractor - Work Orders",16,1812,"Urns of Wealth, Greater",,1,1,10,
3,hades,Hades,"House Contractor - Work Orders",16,1813,"Urns of Wealth, Superior",,1,1,11,
3,hades,Hades,"House Contractor - Work Orders",16,1814,"Keepsake Collection, Regional",,1,1,12,
3,hades,Hades,"House Contractor - Work Orders",16,1815,"Fated List of Minor Prophets",,1,1,13,
3,hades,Hades,"House Contractor - Work Orders",16,1816,"Codex Index",,1,1,14,
3,hades,Hades,"House Contractor - Work Orders",16,1817,"Extremer Measures",,1,0,15,
3,hades,Hades,"House Contractor - Work Orders",16,1818,"Contractors Desk, Deluxe",,1,1,16,
3,hades,Hades,"House Contractor - Work Orders",16,1819,"Pitch-Black Darkness",,1,0,17,
3,hades,Hades,"House Contractor - Work Orders",16,1820,"Fated Keys",,1,0,18,
3,hades,Hades,"House Contractor - Work Orders",16,1821,"Brilliant Gemstones",,1,0,19,
3,hades,Hades,"House Contractor - Work Orders",16,1822,"Vintage Nectar",,1,0,20,
3,hades,Hades,"House Contractor - Work Orders",16,1823,"Darker Thirst",,1,1,21,
3,hades,Hades,"House Contractor - Work Orders",16,1824,"Vanquisher's Keep",,1,1,22,
3,hades,Hades,"House Contractor - Work Orders",16,1825,"Gateways, Erebus",,1,0,23,
3,hades,Hades,"House Contractor - Work Orders",16,1826,"Rod of Fishing",,1,1,24,
3,hades,Hades,"House Contractor - Work Orders",16,1827,"Court Music Stand",,1,1,25,
3,hades,Hades,"House Contractor - Work Orders",16,1828,"Administrative Privilege",,1,1,26,
3,hades,Hades,"House Contractor - Work Orders",16,1829,"Court Musician's Sentence",,1,1,27,
3,hades,Hades,"House Contractor - Work Orders",16,1830,"Knave-King''s Sentence",,1,0,28,
3,hades,Hades,"House Contractor - Work Orders",16,1831,"Singer's Gamble",,1,0,29,
3,hades,Hades,"House Contractor - Work Orders",16,1832,"Hero's Sacrifice",,1,0,30,
3,hades,Hades,"House Contractor - Work Orders",16,1833,"Eldest Sigil Restoration",,1,0,31,
3,hades,Hades,"House Contractor - Work Orders",16,1834,"Theme, Infernal",,1,0,32,
3,hades,Hades,"House Contractor - Work Orders",16,1835,"Theme, Sonorous",,1,0,33,
3,hades,Hades,"House Contractor - Work Orders",16,1836,"Theme, Stygian",,1,0,34,
3,hades,Hades,"House Contractor - Work Orders",16,1837,"Theme, Lovely",,1,0,35,
3,hades,Hades,"House Contractor - Work Orders",16,1838,"Theme, Woodland",,1,0,36,
3,hades,Hades,"House Contractor - Work Orders",16,1839,"Theme, Chthonic",,1,0,37,
3,hades,Hades,"House Contractor - Work Orders",16,1840,"Theme, Deathly",,1,0,38,
3,hades,Hades,"House Contractor - Work Orders",16,1841,"Theme, Infinite",,1,0,39,
3,hades,Hades,"House Contractor - Work Orders",16,1842,"Theme, Princely",,1,0,40,
3,hades,Hades,"Chamber Music",17,1843,"No Escape",,1,1,1,
3,hades,Hades,"Chamber Music",17,1844,"The House of Hades",,1,1,2,
3,hades,Hades,"Chamber Music",17,1845,"Death and I",,1,0,3,
3,hades,Hades,"Chamber Music",17,1846,"Out of Tartarus",,1,0,4,
3,hades,Hades,"Chamber Music",17,1847,"The Painful Way",,1,0,5,
3,hades,Hades,"Chamber Music",17,1848,"Mouth of Styx",,1,0,6,
3,hades,Hades,"Chamber Music",17,1849,"Scourge of the Furies",,1,0,7,
3,hades,Hades,"Chamber Music",17,1850,"Through Asphodel",,1,0,8,
3,hades,Hades,"Chamber Music",17,1851,"River of Flame",,1,0,9,
3,hades,Hades,"Chamber Music",17,1852,"Field of Souls",,1,0,10,
3,hades,Hades,"Chamber Music",17,1853,"The King and the Bull",,1,0,11,
3,hades,Hades,"Chamber Music",17,1854,"The Exalted",,1,0,12,
3,hades,Hades,"Chamber Music",17,1855,"Rage of the Myrmidons",,1,0,13,
3,hades,Hades,"Chamber Music",17,1856,"Gates of Hell",,1,0,14,
3,hades,Hades,"Chamber Music",17,1857,"Primordial Chaos",,1,0,15,
3,hades,Hades,"Chamber Music",17,1858,"Last Words",,1,0,16,
3,hades,Hades,"Chamber Music",17,1859,"Wretched Shades",,1,0,17,
3,hades,Hades,"Chamber Music",17,1860,"The Bloodless",,1,0,18,
3,hades,Hades,"Chamber Music",17,1861,"From Olympus",,1,0,19,
3,hades,Hades,"Chamber Music",17,1862,"Final Expense",,1,0,20,
3,hades,Hades,"Chamber Music",17,1863,"Final Expense (Payback)",,1,0,21,
3,hades,Hades,"Chamber Music",17,1864,"Good Riddance",,1,0,22,
3,hades,Hades,"Chamber Music",17,1865,"Lament of Orpheus",,1,0,23,
3,hades,Hades,"Chamber Music",17,1866,"Hymn to Zagreus",,1,0,24,
3,hades,Hades,"Chamber Music",17,1867,"God of the Dead",,1,0,25,
3,hades,Hades,"Chamber Music",17,1868,"The Unseen Ones",,1,0,26,
3,hades,Hades,"Chamber Music",17,1869,"On the Coast",,1,0,27,
3,hades,Hades,"Chamber Music",17,1870,"In the Blood",,1,0,28,
3,hades,Hades,"Escape Bosses",18,1871,"Meg - The Stygian Blade",,1,1,1,
3,hades,Hades,"Escape Bosses",18,1872,"Meg - The Heart-Seeking Bow",,1,1,2,
3,hades,Hades,"Escape Bosses",18,1873,"Meg - The Shield of Chaos",,1,1,3,
3,hades,Hades,"Escape Bosses",18,1874,"Meg - The Eternal Spear",,1,1,4,
3,hades,Hades,"Escape Bosses",18,1875,"Meg - The Twin Fists",,1,1,5,
3,hades,Hades,"Escape Bosses",18,1876,"Meg - The Adamant Rail",,1,1,6,
3,hades,Hades,"Escape Bosses",18,1877,"Hydra - The Stygian Blade",,1,1,7,
3,hades,Hades,"Escape Bosses",18,1878,"Hydra - The Heart-Seeking Bow",,1,1,8,
3,hades,Hades,"Escape Bosses",18,1879,"Hydra - The Shield of Chaos",,1,1,9,
3,hades,Hades,"Escape Bosses",18,1880,"Hydra - The Eternal Spear",,1,1,10,
3,hades,Hades,"Escape Bosses",18,1881,"Hydra - The Twin Fists",,1,1,11,
3,hades,Hades,"Escape Bosses",18,1882,"Hydra - The Adamant Rail",,1,1,12,
3,hades,Hades,"Escape Bosses",18,1883,"Tisiphone - The Stygian Blade",,1,0,13,
3,hades,Hades,"Escape Bosses",18,1884,"Tisiphone - The Heart-Seeking Bow",,1,1,14,
3,hades,Hades,"Escape Bosses",18,1885,"Tisiphone - The Shield of Chaos",,1,0,15,
3,hades,Hades,"Escape Bosses",18,1886,"Tisiphone - The Eternal Spear",,1,0,16,
3,hades,Hades,"Escape Bosses",18,1887,"Tisiphone - The Twin Fists",,1,1,17,
3,hades,Hades,"Escape Bosses",18,1888,"Tisiphone - The Adamant Rail",,1,0,18,
3,hades,Hades,"Escape Bosses",18,1889,"Alecto - The Stygian Blade",,1,1,19,
3,hades,Hades,"Escape Bosses",18,1890,"Alecto - The Heart-Seeking Bow",,1,1,20,
3,hades,Hades,"Escape Bosses",18,1891,"Alecto - The Shield of Chaos",,1,1,21,
3,hades,Hades,"Escape Bosses",18,1892,"Alecto - The Eternal Spear",,1,1,22,
3,hades,Hades,"Escape Bosses",18,1893,"Alecto - The Twin Fists",,1,1,23,
3,hades,Hades,"Escape Bosses",18,1894,"Alecto - The Adamant Rail",,1,1,24,
3,hades,Hades,"Escape Bosses",18,1895,"Theseus & Asterius - The Stygian Blade",,1,1,25,
3,hades,Hades,"Escape Bosses",18,1896,"Theseus & Asterius - The Heart-Seeking Bow",,1,0,26,
3,hades,Hades,"Escape Bosses",18,1897,"Theseus & Asterius - The Shield of Chaos",,1,1,27,
3,hades,Hades,"Escape Bosses",18,1898,"Theseus & Asterius - The Eternal Spear",,1,1,28,
3,hades,Hades,"Escape Bosses",18,1899,"Theseus & Asterius - The Twin Fists",,1,1,29,
3,hades,Hades,"Escape Bosses",18,1900,"Theseus & Asterius - The Adamant Rail",,1,1,30,
3,hades,Hades,"Escape Bosses",18,1901,"Hades - The Stygian Blade",,1,0,31,
3,hades,Hades,"Escape Bosses",18,1902,"Hades - The Heart-Seeking Bow",,1,0,32,
3,hades,Hades,"Escape Bosses",18,1903,"Hades - The Shield of Chaos",,1,1,33,
3,hades,Hades,"Escape Bosses",18,1904,"Hades - The Eternal Spear",,1,0,34,
3,hades,Hades,"Escape Bosses",18,1905,"Hades - The Twin Fists",,1,1,35,
3,hades,Hades,"Escape Bosses",18,1906,"Hades - The Adamant Rail",,1,1,36,
3,hades,Hades,"Customer Loyalty (Well of Charon)",19,1995,"Aether Net",,1,1,1,
3,hades,Hades,"Customer Loyalty (Well of Charon)",19,1996,"Braid of Atlas",,1,1,2,
3,hades,Hades,"Customer Loyalty (Well of Charon)",19,1997,"Centaur Soul",,1,1,3,
3,hades,Hades,"Customer Loyalty (Well of Charon)",19,1998,"Chimaera Jerky",,1,1,4,
3,hades,Hades,"Customer Loyalty (Well of Charon)",19,1999,"Cyclops Jerky",,1,1,5,
3,hades,Hades,"Customer Loyalty (Well of Charon)",19,2000,"Eris Bangle",,1,1,6,
3,hades,Hades,"Customer Loyalty (Well of Charon)",19,2001,"Eye of Lamia",,1,1,7,
3,hades,Hades,"Customer Loyalty (Well of Charon)",19,2002,"Fateful Twist",,1,1,8,
3,hades,Hades,"Customer Loyalty (Well of Charon)",19,2003,"Flame Wheels Release",,1,1,9,
3,hades,Hades,"Customer Loyalty (Well of Charon)",19,2004,"Gaea's Treasure",,1,1,10,
3,hades,Hades,"Customer Loyalty (Well of Charon)",19,2005,Hydralite,,1,1,11,
3,hades,Hades,"Customer Loyalty (Well of Charon)",19,2006,"Ignited Ichor",,1,1,12,
3,hades,Hades,"Customer Loyalty (Well of Charon)",19,2007,"Kiss of Styx",,1,1,13,
3,hades,Hades,"Customer Loyalty (Well of Charon)",19,2008,"Life Essence",,1,1,14,
3,hades,Hades,"Customer Loyalty (Well of Charon)",19,2009,"Light of Ixion",,1,1,15,
3,hades,Hades,"Customer Loyalty (Well of Charon)",19,2010,"Nail of Talos",,1,1,16,
3,hades,Hades,"Customer Loyalty (Well of Charon)",19,2011,"Nemesis Crest",,1,1,17,
3,hades,Hades,"Customer Loyalty (Well of Charon)",19,2012,"Night Spindle",,1,0,18,
3,hades,Hades,"Customer Loyalty (Well of Charon)",19,2013,"Price of Midas",,1,1,19,
3,hades,Hades,"Customer Loyalty (Well of Charon)",19,2014,"Prometheus Stone",,1,1,20,
3,hades,Hades,"Customer Loyalty (Well of Charon)",19,2015,"Skeletal Lure",,1,1,21,
3,hades,Hades,"Customer Loyalty (Well of Charon)",19,2016,"Stygian Shard",,1,1,22,
3,hades,Hades,"Customer Loyalty (Well of Charon)",19,2017,"Tinge of Erebus",,1,1,23,
3,hades,Hades,"Customer Loyalty (Well of Charon)",19,2018,"Touch of Styx",,1,1,24,
3,hades,Hades,"Customer Loyalty (Well of Charon)",19,2019,"Trove Tracker",,1,1,25,
3,hades,Hades,"Customer Loyalty (Well of Charon)",19,2020,"Yarn of Ariadne",,1,1,26,
3,hades,Hades,"Daedalus Hammer Augments",20,1907,"The Adamant Rail - Cluster Bomb",,1,1,1,
3,hades,Hades,"Daedalus Hammer Augments",20,1908,"The Adamant Rail - Delta Chamber",,1,1,2,
3,hades,Hades,"Daedalus Hammer Augments",20,1909,"The Adamant Rail - Explosive Fire",,1,1,3,
3,hades,Hades,"Daedalus Hammer Augments",20,1910,"The Adamant Rail - Flurry Fire",,1,0,4,
3,hades,Hades,"Daedalus Hammer Augments",20,1911,"The Adamant Rail - Hazard Bomb",,1,1,5,
3,hades,Hades,"Daedalus Hammer Augments",20,1912,"The Adamant Rail - Piercing Fire",,1,1,6,
3,hades,Hades,"Daedalus Hammer Augments",20,1913,"The Adamant Rail - Ricochet Fire",,1,0,7,
3,hades,Hades,"Daedalus Hammer Augments",20,1914,"The Adamant Rail - Rocket Bomb",,1,1,8,
3,hades,Hades,"Daedalus Hammer Augments",20,1915,"The Adamant Rail - Seeking Fire",,1,1,9,
3,hades,Hades,"Daedalus Hammer Augments",20,1916,"The Adamant Rail - Spread Fire",,1,1,10,
3,hades,Hades,"Daedalus Hammer Augments",20,1917,"The Adamant Rail - Targeting System",,1,0,11,
3,hades,Hades,"Daedalus Hammer Augments",20,1918,"The Adamant Rail - Triple Bomb",,1,1,12,
3,hades,Hades,"Daedalus Hammer Augments",20,1919,"The Eternal Spear - Breaching Skewer",,1,1,13,
3,hades,Hades,"Daedalus Hammer Augments",20,1920,"The Eternal Spear - Chain Skewer",,1,1,14,
3,hades,Hades,"Daedalus Hammer Augments",20,1921,"The Eternal Spear - Charged Skewer",,1,0,15,
3,hades,Hades,"Daedalus Hammer Augments",20,1922,"The Eternal Spear - Exploding Launcher",,1,1,16,
3,hades,Hades,"Daedalus Hammer Augments",20,1923,"The Eternal Spear - Extending Jab",,1,1,17,
3,hades,Hades,"Daedalus Hammer Augments",20,1924,"The Eternal Spear - Flaring Spin",,1,1,18,
3,hades,Hades,"Daedalus Hammer Augments",20,1925,"The Eternal Spear - Flurry Jab",,1,1,19,
3,hades,Hades,"Daedalus Hammer Augments",20,1926,"The Eternal Spear - Massive Spin",,1,0,20,
3,hades,Hades,"Daedalus Hammer Augments",20,1927,"The Eternal Spear - Quick Spin",,1,1,21,
3,hades,Hades,"Daedalus Hammer Augments",20,1928,"The Eternal Spear - Serrated Point",,1,0,22,
3,hades,Hades,"Daedalus Hammer Augments",20,1929,"The Eternal Spear - Triple Jab",,1,0,23,
3,hades,Hades,"Daedalus Hammer Augments",20,1930,"The Eternal Spear - Vicious Skewer",,1,1,24,
3,hades,Hades,"Daedalus Hammer Augments",20,1931,"The Heart-Seeking Bow - Chain Shot",,1,0,25,
3,hades,Hades,"Daedalus Hammer Augments",20,1932,"The Heart-Seeking Bow - Charged Volley",,1,1,26,
3,hades,Hades,"Daedalus Hammer Augments",20,1933,"The Heart-Seeking Bow - Concentrated Volley",,1,1,27,
3,hades,Hades,"Daedalus Hammer Augments",20,1934,"The Heart-Seeking Bow - Explosive Shot",,1,0,28,
3,hades,Hades,"Daedalus Hammer Augments",20,1935,"The Heart-Seeking Bow - Flurry Shot",,1,1,29,
3,hades,Hades,"Daedalus Hammer Augments",20,1936,"The Heart-Seeking Bow - Perfect Shot",,1,0,30,
3,hades,Hades,"Daedalus Hammer Augments",20,1937,"The Heart-Seeking Bow - Piercing Volley",,1,1,31,
3,hades,Hades,"Daedalus Hammer Augments",20,1938,"The Heart-Seeking Bow - Point-Blank Shot",,1,1,32,
3,hades,Hades,"Daedalus Hammer Augments",20,1939,"The Heart-Seeking Bow - Relentless Volley",,1,0,33,
3,hades,Hades,"Daedalus Hammer Augments",20,1940,"The Heart-Seeking Bow - Sniper Shot",,1,1,34,
3,hades,Hades,"Daedalus Hammer Augments",20,1941,"The Heart-Seeking Bow - Triple Shot",,1,1,35,
3,hades,Hades,"Daedalus Hammer Augments",20,1942,"The Heart-Seeking Bow - Twin Shot",,1,0,36,
3,hades,Hades,"Daedalus Hammer Augments",20,1943,"The Shield of Chaos - Breaching Rush",,1,1,37,
3,hades,Hades,"Daedalus Hammer Augments",20,1944,"The Shield of Chaos - Charged Flight",,1,0,38,
3,hades,Hades,"Daedalus Hammer Augments",20,1945,"The Shield of Chaos - Charged Shot",,1,1,39,
3,hades,Hades,"Daedalus Hammer Augments",20,1946,"The Shield of Chaos - Dashing Flight",,1,1,40,
3,hades,Hades,"Daedalus Hammer Augments",20,1947,"The Shield of Chaos - Dashing Wallop",,1,0,41,
3,hades,Hades,"Daedalus Hammer Augments",20,1948,"The Shield of Chaos - Dread Flight",,1,1,42,
3,hades,Hades,"Daedalus Hammer Augments",20,1949,"The Shield of Chaos - Empowering Flight",,1,1,43,
3,hades,Hades,"Daedalus Hammer Augments",20,1950,"The Shield of Chaos - Explosive Return",,1,0,44,
3,hades,Hades,"Daedalus Hammer Augments",20,1951,"The Shield of Chaos - Ferocious Guard",,1,0,45,
3,hades,Hades,"Daedalus Hammer Augments",20,1952,"The Shield of Chaos - Minotaur Rush",,1,1,46,
3,hades,Hades,"Daedalus Hammer Augments",20,1953,"The Shield of Chaos - Pulverizing Blow",,1,1,47,
3,hades,Hades,"Daedalus Hammer Augments",20,1954,"The Shield of Chaos - Sudden Rush",,1,1,48,
3,hades,Hades,"Daedalus Hammer Augments",20,1955,"The Stygian Blade - Breaching Slash",,1,1,49,
3,hades,Hades,"Daedalus Hammer Augments",20,1956,"The Stygian Blade - Cruel Thrust",,1,1,50,
3,hades,Hades,"Daedalus Hammer Augments",20,1957,"The Stygian Blade - Cursed Slash",,1,1,51,
3,hades,Hades,"Daedalus Hammer Augments",20,1958,"The Stygian Blade - Dash Nova",,1,1,52,
3,hades,Hades,"Daedalus Hammer Augments",20,1959,"The Stygian Blade - Double Edge",,1,0,53,
3,hades,Hades,"Daedalus Hammer Augments",20,1960,"The Stygian Blade - Double Nova",,1,0,54,
3,hades,Hades,"Daedalus Hammer Augments",20,1961,"The Stygian Blade - Flurry Slash",,1,1,55,
3,hades,Hades,"Daedalus Hammer Augments",20,1962,"The Stygian Blade - Hoarding Slash",,1,1,56,
3,hades,Hades,"Daedalus Hammer Augments",20,1963,"The Stygian Blade - Piercing Wave",,1,1,57,
3,hades,Hades,"Daedalus Hammer Augments",20,1964,"The Stygian Blade - Shadow Slash",,1,1,58,
3,hades,Hades,"Daedalus Hammer Augments",20,1965,"The Stygian Blade - Snap Nova",,1,0,59,
3,hades,Hades,"Daedalus Hammer Augments",20,1966,"The Stygian Blade - Super Nova",,1,0,60,
3,hades,Hades,"Daedalus Hammer Augments",20,1967,"The Stygian Blade - World Splitter",,1,1,61,
3,hades,Hades,"Daedalus Hammer Augments",20,1968,"The Twin Fists - Breaching Cross",,1,1,62,
3,hades,Hades,"Daedalus Hammer Augments",20,1969,"The Twin Fists - Colossus Knuckle",,1,1,63,
3,hades,Hades,"Daedalus Hammer Augments",20,1970,"The Twin Fists - Concentrated Knuckle",,1,1,64,
3,hades,Hades,"Daedalus Hammer Augments",20,1971,"The Twin Fists - Draining Cutter",,1,1,65,
3,hades,Hades,"Daedalus Hammer Augments",20,1972,"The Twin Fists - Explosive Upper",,1,1,66,
3,hades,Hades,"Daedalus Hammer Augments",20,1973,"The Twin Fists - Flying Cutter",,1,0,67,
3,hades,Hades,"Daedalus Hammer Augments",20,1974,"The Twin Fists - Heavy Knuckle",,1,1,68,
3,hades,Hades,"Daedalus Hammer Augments",20,1975,"The Twin Fists - Kinetic Launcher",,1,0,69,
3,hades,Hades,"Daedalus Hammer Augments",20,1976,"The Twin Fists - Long Knuckle",,1,1,70,
3,hades,Hades,"Daedalus Hammer Augments",20,1977,"The Twin Fists - Quake Cutter",,1,0,71,
3,hades,Hades,"Daedalus Hammer Augments",20,1978,"The Twin Fists - Rolling Knuckle",,1,0,72,
3,hades,Hades,"Daedalus Hammer Augments",20,1979,"The Twin Fists - Rush Kick",,1,0,73,
3,hades,Hades,"Harsh Conditions",21,1980,"Approval Process",,1,0,1,
3,hades,Hades,"Harsh Conditions",21,1981,"Benefits Package",,1,0,2,
3,hades,Hades,"Harsh Conditions",21,1982,"Calisthenics Program",,1,0,3,
3,hades,Hades,"Harsh Conditions",21,1983,"Convenience Fee",,1,0,4,
3,hades,Hades,"Harsh Conditions",21,1984,"Damage Control",,1,0,5,
3,hades,Hades,"Harsh Conditions",21,1985,"Extreme Measures",,1,0,6,
3,hades,Hades,"Harsh Conditions",21,1986,"Forced Overtime",,1,0,7,
3,hades,Hades,"Harsh Conditions",21,1987,"Hard Labor",,1,0,8,
3,hades,Hades,"Harsh Conditions",21,1988,"Heighened Security",,1,0,9,
3,hades,Hades,"Harsh Conditions",21,1989,"Jury Summons",,1,0,10,
3,hades,Hades,"Harsh Conditions",21,1990,"Lasting Consequences",,1,0,11,
3,hades,Hades,"Harsh Conditions",21,1991,"Middle Management",,1,0,12,
3,hades,Hades,"Harsh Conditions",21,1992,"Routine Inspection",,1,0,13,
3,hades,Hades,"Harsh Conditions",21,1993,"Tight Deadline",,1,0,14,
3,hades,Hades,"Harsh Conditions",21,1994,"Underworld Customs",,1,0,15,
3,hades,Hades,"Dark Reflections",22,2021,"Abyssal Blood",,1,0,1,
3,hades,Hades,"Dark Reflections",22,2022,"Boiling Blood",,1,0,2,
3,hades,Hades,"Dark Reflections",22,2023,"Cthonic Vitality",,1,0,3,
3,hades,Hades,"Dark Reflections",22,2024,"Dark Foresight",,1,0,4,
3,hades,Hades,"Dark Reflections",22,2025,"Dark Regeneration",,1,0,5,
3,hades,Hades,"Dark Reflections",22,2026,"Death Defiance",,1,0,6,
3,hades,Hades,"Dark Reflections",22,2027,"Deep Pockets",,1,0,7,
3,hades,Hades,"Dark Reflections",22,2028,"Family Favorite",,1,0,8,
3,hades,Hades,"Dark Reflections",22,2029,"Fated Authority",,1,0,9,
3,hades,Hades,"Dark Reflections",22,2030,"Fated Persuasion",,1,0,10,
3,hades,Hades,"Dark Reflections",22,2031,"Fiery Presence",,1,0,11,
3,hades,Hades,"Dark Reflections",22,2032,"Gods' Legacy",,1,0,12,
3,hades,Hades,"Dark Reflections",22,2033,"Gods' Pride",,1,0,13,
3,hades,Hades,"Dark Reflections",22,2034,"Golden Touch",,1,0,14,
3,hades,Hades,"Dark Reflections",22,2035,"Greater Reflex",,1,0,15,
3,hades,Hades,"Dark Reflections",22,2036,"High Confidence",,1,0,16,
3,hades,Hades,"Dark Reflections",22,2037,"Infernal Soul",,1,0,17,
3,hades,Hades,"Dark Reflections",22,2038,"Olympian Favor",,1,0,18,
3,hades,Hades,"Dark Reflections",22,2039,"Priveleged Status",,1,0,19,
3,hades,Hades,"Dark Reflections",22,2040,"Ruthless Reflex",,1,0,20,
3,hades,Hades,"Dark Reflections",22,2041,"Shadow Presence",,1,0,21,
3,hades,Hades,"Dark Reflections",22,2042,"Stubborn Defiance",,1,0,22,
3,hades,Hades,"Dark Reflections",22,2043,"Stygian Soul",,1,0,23,
3,hades,Hades,"Dark Reflections",22,2044,"Thick Skin",,1,0,24,
3,hades,Hades,"Aspects - Stygius (The Blade of the Underworld)",23,2045,Basic,,1,0,1,
3,hades,Hades,"Aspects - Stygius (The Blade of the Underworld)",23,2046,"Aspect of Zagreus ",,5,0,2,
3,hades,Hades,"Aspects - Stygius (The Blade of the Underworld)",23,2047,"Aspect of Nemesis",,5,0,3,
3,hades,Hades,"Aspects - Stygius (The Blade of the Underworld)",23,2048,"Aspect of Poseidon",,5,0,4,
3,hades,Hades,"Aspects - Stygius (The Blade of the Underworld)",23,2049,"Aspect of Arthur",,5,0,5,
3,hades,Hades,"Aspects - Varatha (The Eternal Spear)",24,2050,Basic,,1,0,1,
3,hades,Hades,"Aspects - Varatha (The Eternal Spear)",24,2051,"Aspect of Zagreus",,5,0,2,
3,hades,Hades,"Aspects - Varatha (The Eternal Spear)",24,2052,"Aspect of Achilles",,5,1,3,
3,hades,Hades,"Aspects - Varatha (The Eternal Spear)",24,2053,"Aspect of Hades",,5,1,4,
3,hades,Hades,"Aspects - Varatha (The Eternal Spear)",24,2054,"Aspect of Guan Yu",,5,0,5,
3,hades,Hades,"Aspects - Aegis (Shield of Chaos)",25,2055,Basic,,1,0,1,
3,hades,Hades,"Aspects - Aegis (Shield of Chaos)",25,2056,"Aspect of Zagreus",,5,0,2,
3,hades,Hades,"Aspects - Aegis (Shield of Chaos)",25,2057,"Aspect of Chaos",,5,0,3,
3,hades,Hades,"Aspects - Aegis (Shield of Chaos)",25,2058,"Aspect of Zeus",,5,0,4,
3,hades,Hades,"Aspects - Aegis (Shield of Chaos)",25,2059,"Aspect of Beowulf",,5,0,5,
3,hades,Hades,"Aspects - Coronacht (The Heart Seeking Bow)",26,2060,Basic,,1,1,1,
3,hades,Hades,"Aspects - Coronacht (The Heart Seeking Bow)",26,2061,"Aspect of Zagreus",,5,1,2,
3,hades,Hades,"Aspects - Coronacht (The Heart Seeking Bow)",26,2062,"Aspect of Chiron",,5,1,3,
3,hades,Hades,"Aspects - Coronacht (The Heart Seeking Bow)",26,2063,"Aspect of Hera",,5,0,4,
3,hades,Hades,"Aspects - Coronacht (The Heart Seeking Bow)",26,2064,"Aspect of Rama",,5,0,5,
3,hades,Hades,"Aspects - Malphon (The Twin Fists)",27,2065,Basic,,1,0,1,
3,hades,Hades,"Aspects - Malphon (The Twin Fists)",27,2066,"Aspect of Zagreus",,5,0,2,
3,hades,Hades,"Aspects - Malphon (The Twin Fists)",27,2067,"Aspect of Talos",,5,0,3,
3,hades,Hades,"Aspects - Malphon (The Twin Fists)",27,2068,"Aspect of Demeter",,5,0,4,
3,hades,Hades,"Aspects - Malphon (The Twin Fists)",27,2069,"Aspect of Gilgamesh",,5,0,5,
3,hades,Hades,"Aspects - Exagryph (The Adamant Rail)",28,2070,Basic,,1,0,1,
3,hades,Hades,"Aspects - Exagryph (The Adamant Rail)",28,2071,"Aspect of Zagreus",,5,0,2,
3,hades,Hades,"Aspects - Exagryph (The Adamant Rail)",28,2072,"Aspect of Eris",,5,0,3,
3,hades,Hades,"Aspects - Exagryph (The Adamant Rail)",28,2073,"Aspect of Hestia",,5,0,4,
3,hades,Hades,"Aspects - Exagryph (The Adamant Rail)",28,2074,"Aspect of Lucifer",,5,0,5,
3,hades,Hades,Companions,29,2075,"Megaera (Battie)",,5,0,1,
3,hades,Hades,Companions,29,2076,"Thanatos (Mort)",,5,0,2,
3,hades,Hades,Companions,29,2077,"Skelly (Rib)",,5,0,3,
3,hades,Hades,Companions,29,2078,"Sisyphus (Shady)",,5,0,4,
3,hades,Hades,Companions,29,2079,"Dusa (Fidi)",,5,0,5,
3,hades,Hades,Companions,29,2080,"Achilles (Antos)",,5,0,6,
3,hades,Hades,Heat,30,2081,Sword,,20,0,1,
3,hades,Hades,Heat,30,2082,Spear,,20,0,2,
3,hades,Hades,Heat,30,2083,Shield,,20,0,3,
3,hades,Hades,Heat,30,2084,Bow,,20,0,4,
3,hades,Hades,Heat,30,2085,Fists,,20,0,5,
3,hades,Hades,Heat,30,2086,Rail,,20,0,6,
3,hades,Hades,Heat,30,2087,"32 Heat",,1,0,7,
3,hades,Hades,Relationships,31,2088,"Lord Hades",,5,0,1,
3,hades,Hades,Relationships,31,2089,Nyx,,9,0,2,
3,hades,Hades,Relationships,31,2090,Charon,,7,0,3,
3,hades,Hades,Relationships,31,2091,Hypnos,,8,0,4,
3,hades,Hades,Relationships,31,2092,Thanatos,,10,0,5,
3,hades,Hades,Relationships,31,2093,Megaera,,10,0,6,
3,hades,Hades,Relationships,31,2094,Chaos,,8,0,7,
3,hades,Hades,Relationships,31,2095,Zeus,,7,0,8,
3,hades,Hades,Relationships,31,2096,Poseidon,,7,0,9,
3,hades,Hades,Relationships,31,2097,Athena,,7,0,10,
3,hades,Hades,Relationships,31,2098,Aphrodite,,7,0,11,
3,hades,Hades,Relationships,31,2099,Artemis,,7,0,12,
3,hades,Hades,Relationships,31,2100,Ares,,7,0,13,
3,hades,Hades,Relationships,31,2101,Dionysus,,7,0,14,
3,hades,Hades,Relationships,31,2102,Hermes,,8,0,15,
3,hades,Hades,Relationships,31,2103,Demeter,,7,0,16,
3,hades,Hades,Relationships,31,2104,Achilles,,9,0,17,
3,hades,Hades,Relationships,31,2105,Orpheus,,8,0,18,
3,hades,Hades,Relationships,31,2106,Sisyphus,,9,0,19,
3,hades,Hades,Relationships,31,2107,Eurydice,,8,0,20,
3,hades,Hades,Relationships,31,2108,Patroclus,,8,0,21,
3,hades,Hades,Relationships,31,2109,Cerberus,,9,0,22,
3,hades,Hades,Relationships,31,2110,Dusa,,10,0,23,
3,hades,Hades,Relationships,31,2111,Skelly,,9,0,24,
3,hades,Hades,"Codex - Chthonic Gods",32,2112,"Lord Hades",,1,1,1,
3,hades,Hades,"Codex - Chthonic Gods",32,2113,"Lord Hades Complete",,1,1,2,
3,hades,Hades,"Codex - Chthonic Gods",32,2114,Zagreus,,1,1,3,
3,hades,Hades,"Codex - Chthonic Gods",32,2115,"Zagreus Complete",,1,0,4,
3,hades,Hades,"Codex - Chthonic Gods",32,2116,Nyx,,1,1,5,
3,hades,Hades,"Codex - Chthonic Gods",32,2117,"Nyx Complete",,1,0,6,
3,hades,Hades,"Codex - Chthonic Gods",32,2118,Charon,,1,1,7,
3,hades,Hades,"Codex - Chthonic Gods",32,2119,"Charon Complete",,1,1,8,
3,hades,Hades,"Codex - Chthonic Gods",32,2120,Hypnos,,1,1,9,
3,hades,Hades,"Codex - Chthonic Gods",32,2121,"Hypnos Complete",,1,1,10,
3,hades,Hades,"Codex - Chthonic Gods",32,2122,Thanatos,,1,1,11,
3,hades,Hades,"Codex - Chthonic Gods",32,2123,"Thanatos Complete",,1,0,12,
3,hades,Hades,"Codex - Chthonic Gods",32,2124,Megaera,,1,1,13,
3,hades,Hades,"Codex - Chthonic Gods",32,2125,"Megaera Complete",,1,0,14,
3,hades,Hades,"Codex - Chthonic Gods",32,2126,Alecto,,1,1,15,
3,hades,Hades,"Codex - Chthonic Gods",32,2127,"Alecto Complete",,1,0,16,
3,hades,Hades,"Codex - Chthonic Gods",32,2128,Tisiphone,,1,1,17,
3,hades,Hades,"Codex - Chthonic Gods",32,2129,"Tisiphone Complete",,1,0,18,
3,hades,Hades,"Codex - Chthonic Gods",32,2130,Chaos,,1,1,19,
3,hades,Hades,"Codex - Chthonic Gods",32,2131,"Chaos Complete",,1,0,20,
3,hades,Hades,"Codex - Olympian Gods",33,2132,Zeus,,1,1,1,
3,hades,Hades,"Codex - Olympian Gods",33,2133,"Zeus Complete",,1,1,2,
3,hades,Hades,"Codex - Olympian Gods",33,2134,"Poseidon ",,1,1,3,
3,hades,Hades,"Codex - Olympian Gods",33,2135,"Poseidon Complete",,1,1,4,
3,hades,Hades,"Codex - Olympian Gods",33,2136,Athena,,1,1,5,
3,hades,Hades,"Codex - Olympian Gods",33,2137,"Athena Complete",,1,1,6,
3,hades,Hades,"Codex - Olympian Gods",33,2138,Aphrodite,,1,1,7,
3,hades,Hades,"Codex - Olympian Gods",33,2139,"Aphrodite Complete",,1,1,8,
3,hades,Hades,"Codex - Olympian Gods",33,2140,Artemis,,1,1,9,
3,hades,Hades,"Codex - Olympian Gods",33,2141,"Artemis Complete",,1,1,10,
3,hades,Hades,"Codex - Olympian Gods",33,2142,Ares,,1,1,11,
3,hades,Hades,"Codex - Olympian Gods",33,2143,"Ares Complete",,1,1,12,
3,hades,Hades,"Codex - Olympian Gods",33,2144,Dionysus,,1,1,13,
3,hades,Hades,"Codex - Olympian Gods",33,2145,"Dionysus Complete",,1,1,14,
3,hades,Hades,"Codex - Olympian Gods",33,2146,Hermes,,1,1,15,
3,hades,Hades,"Codex - Olympian Gods",33,2147,"Hermes Complete",,1,1,16,
3,hades,Hades,"Codex - Olympian Gods",33,2148,Demeter,,1,1,17,
3,hades,Hades,"Codex - Olympian Gods",33,2149,"Demeter Complete",,1,0,18,
3,hades,Hades,"Codex - Others of Note",34,2150,Achilles,,1,1,1,
3,hades,Hades,"Codex - Others of Note",34,2151,"Achilles Complete",,1,0,2,
3,hades,Hades,"Codex - Others of Note",34,2152,Orpheus,,1,1,3,
3,hades,Hades,"Codex - Others of Note",34,2153,"Orpheus Complete",,1,0,4,
3,hades,Hades,"Codex - Others of Note",34,2154,Sisyphus,,1,1,5,
3,hades,Hades,"Codex - Others of Note",34,2155,"Sisyphus Complete",,1,0,6,
3,hades,Hades,"Codex - Others of Note",34,2156,Eurydice,,1,1,7,
3,hades,Hades,"Codex - Others of Note",34,2157,"Eurydice Complete",,1,0,8,
3,hades,Hades,"Codex - Others of Note",34,2158,Patroclus,,1,1,9,
3,hades,Hades,"Codex - Others of Note",34,2159,"Patroclus Complete",,1,0,10,
3,hades,Hades,"Codex - Others of Note",34,2160,Theseus,,1,1,11,
3,hades,Hades,"Codex - Others of Note",34,2161,"Theseus Complete",,1,0,12,
3,hades,Hades,"Codex - Others of Note",34,2162,Asterius,,1,1,13,
3,hades,Hades,"Codex - Others of Note",34,2163,"Asterius Complete",,1,0,14,
3,hades,Hades,"Codex - Others of Note",34,2164,Cerberus,,1,1,15,
3,hades,Hades,"Codex - Others of Note",34,2165,"Cerberus Complete",,1,1,16,
3,hades,Hades,"Codex - Others of Note",34,2166,Dusa,,1,1,17,
3,hades,Hades,"Codex - Others of Note",34,2167,"Dusa Complete",,1,0,18,
3,hades,Hades,"Codex - Others of Note",34,2168,Skelly,,1,1,19,
3,hades,Hades,"Codex - Others of Note",34,2169,"Skelly Complete",,1,0,20,
3,hades,Hades,"Codex - Others of Note",34,2170,Persephone,,1,0,21,
3,hades,Hades,"Codex - Others of Note",34,2171,"Persephone Complete",,1,0,22,
3,hades,Hades,"Codex - The Underworld",35,2172,"House of Hades",,1,1,1,
3,hades,Hades,"Codex - The Underworld",35,2173,"House of Hades Complete",,1,0,2,
3,hades,Hades,"Codex - The Underworld",35,2174,Chaos,,1,1,3,
3,hades,Hades,"Codex - The Underworld",35,2175,"Chaos Complete",,1,0,4,
3,hades,Hades,"Codex - The Underworld",35,2176,Erebus,,1,0,5,
3,hades,Hades,"Codex - The Underworld",35,2177,"Erebus Complete",,1,0,6,
3,hades,Hades,"Codex - The Underworld",35,2178,Tartarus,,1,1,7,
3,hades,Hades,"Codex - The Underworld",35,2179,"Tartarus Complete",,1,0,8,
3,hades,Hades,"Codex - The Underworld",35,2180,Asphodel,,1,1,9,
3,hades,Hades,"Codex - The Underworld",35,2181,"Asphodel Complete",,1,0,10,
3,hades,Hades,"Codex - The Underworld",35,2182,Elysium,,1,1,11,
3,hades,Hades,"Codex - The Underworld",35,2183,"Elysium Complete",,1,0,12,
3,hades,Hades,"Codex - The Underworld",35,2184,Styx,,1,1,13,
3,hades,Hades,"Codex - The Underworld",35,2185,"Styx Complete",,1,0,14,
3,hades,Hades,"Codex - The Underworld",35,2186,Greece,,1,1,15,
3,hades,Hades,"Codex - The Underworld",35,2187,"Greece Complete",,1,0,16,
3,hades,Hades,"Codex - Infernal Arms",36,2188,"Stygian Blade",,1,1,1,
3,hades,Hades,"Codex - Infernal Arms",36,2189,"Stygian Blade Complete",,1,1,2,
3,hades,Hades,"Codex - Infernal Arms",36,2190,"Eternal Spear",,1,1,3,
3,hades,Hades,"Codex - Infernal Arms",36,2191,"Eternal Spear Complete",,1,1,4,
3,hades,Hades,"Codex - Infernal Arms",36,2192,"Heart-Seeking Bow",,1,1,5,
3,hades,Hades,"Codex - Infernal Arms",36,2193,"Heart-Seeking Bow Complete",,1,1,6,
3,hades,Hades,"Codex - Infernal Arms",36,2194,"Shield of Chaos",,1,1,7,
3,hades,Hades,"Codex - Infernal Arms",36,2195,"Shield of Chaos Complete",,1,1,8,
3,hades,Hades,"Codex - Infernal Arms",36,2196,"Twin Fists",,1,1,9,
3,hades,Hades,"Codex - Infernal Arms",36,2197,"Twin Fists Complete",,1,0,10,
3,hades,Hades,"Codex - Infernal Arms",36,2198,"Adamant Rail",,1,1,11,
3,hades,Hades,"Codex - Infernal Arms",36,2199,"Adamant Rail Complete",,1,0,12,
3,hades,Hades,"Codex - Perilous Foes",37,2200,"Wretched Thug",,1,1,1,
3,hades,Hades,"Codex - Perilous Foes",37,2201,"Wretched Thug Complete",,1,1,2,
3,hades,Hades,"Codex - Perilous Foes",37,2202,"Wretched Witch",,1,1,3,
3,hades,Hades,"Codex - Perilous Foes",37,2203,"Wretched Witch Complete",,1,1,4,
3,hades,Hades,"Codex - Perilous Foes",37,2204,"Wretched Lout",,1,1,5,
3,hades,Hades,"Codex - Perilous Foes",37,2205,"Wretched Lout Complete",,1,1,6,
3,hades,Hades,"Codex - Perilous Foes",37,2206,"Wretched Pest",,1,1,7,
3,hades,Hades,"Codex - Perilous Foes",37,2207,"Wretched Pest Complete",,1,1,8,
3,hades,Hades,"Codex - Perilous Foes",37,2208,"Wretched Sneak",,1,1,9,
3,hades,Hades,"Codex - Perilous Foes",37,2209,"Wretched Sneak Complete",,1,0,10,
3,hades,Hades,"Codex - Perilous Foes",37,2210,Numbskull,,1,1,11,
3,hades,Hades,"Codex - Perilous Foes",37,2211,"Numbskull Complete",,1,1,12,
3,hades,Hades,"Codex - Perilous Foes",37,2212,Skullomat,,1,1,13,
3,hades,Hades,"Codex - Perilous Foes",37,2213,"Skullomat Complete",,1,1,14,
3,hades,Hades,"Codex - Perilous Foes",37,2214,Wringer,,1,1,15,
3,hades,Hades,"Codex - Perilous Foes",37,2215,"Wringer Complete",,1,1,16,
3,hades,Hades,"Codex - Perilous Foes",37,2216,Brimstone,,1,1,17,
3,hades,Hades,"Codex - Perilous Foes",37,2217,"Brimstone Complete",,1,1,18,
3,hades,Hades,"Codex - Perilous Foes",37,2218,Doomstone,,1,1,19,
3,hades,Hades,"Codex - Perilous Foes",37,2219,"Doomstone Complete",,1,0,20,
3,hades,Hades,"Codex - Perilous Foes",37,2220,Voidstone,,1,1,21,
3,hades,Hades,"Codex - Perilous Foes",37,2221,"Voidstone Complete",,1,0,22,
3,hades,Hades,"Codex - Perilous Foes",37,2222,Bloodless,,1,1,23,
3,hades,Hades,"Codex - Perilous Foes",37,2223,"Bloodless Complete",,1,1,24,
3,hades,Hades,"Codex - Perilous Foes",37,2224,Bone-Raker,,1,1,25,
3,hades,Hades,"Codex - Perilous Foes",37,2225,"Bone-Raker Complete",,1,1,26,
3,hades,Hades,"Codex - Perilous Foes",37,2226,Inferno-Bomber,,1,1,27,
3,hades,Hades,"Codex - Perilous Foes",37,2227,"Inferno-Bomber Complete",,1,1,28,
3,hades,Hades,"Codex - Perilous Foes",37,2228,Slam-Dancer,,1,1,29,
3,hades,Hades,"Codex - Perilous Foes",37,2229,"Slam-Dancer Complete",,1,1,30,
3,hades,Hades,"Codex - Perilous Foes",37,2230,Burn-Flinger,,1,1,31,
3,hades,Hades,"Codex - Perilous Foes",37,2231,"Burn-Flinger Complete",,1,1,32,
3,hades,Hades,"Codex - Perilous Foes",37,2232,Wave-Maker,,1,1,33,
3,hades,Hades,"Codex - Perilous Foes",37,2233,"Wave-Maker Complete",,1,1,34,
3,hades,Hades,"Codex - Perilous Foes",37,2234,Dracon,,1,1,35,
3,hades,Hades,"Codex - Perilous Foes",37,2235,"Dracon Complete",,1,1,36,
3,hades,Hades,"Codex - Perilous Foes",37,2236,Spreader,,1,1,37,
3,hades,Hades,"Codex - Perilous Foes",37,2237,"Spreader Complete",,1,1,38,
3,hades,Hades,"Codex - Perilous Foes",37,2238,Gorgon,,1,1,39,
3,hades,Hades,"Codex - Perilous Foes",37,2239,"Gorgon Complete",,1,0,40,
3,hades,Hades,"Codex - Perilous Foes",37,2240,Skull-Crusher,,1,1,41,
3,hades,Hades,"Codex - Perilous Foes",37,2241,"Skull-Crusher Complete",,1,0,42,
3,hades,Hades,"Codex - Perilous Foes",37,2242,Megagorgon,,1,1,43,
3,hades,Hades,"Codex - Perilous Foes",37,2243,"Megagorgon Complete",,1,0,44,
3,hades,Hades,"Codex - Perilous Foes",37,2244,"Bone Hydra",,1,1,45,
3,hades,Hades,"Codex - Perilous Foes",37,2245,"Bone Hydra Complete",,1,0,46,
3,hades,Hades,"Codex - Perilous Foes",37,2246,Splitter,,1,1,47,
3,hades,Hades,"Codex - Perilous Foes",37,2247,"Splitter Complete",,1,1,48,
3,hades,Hades,"Codex - Perilous Foes",37,2248,"Nemean Chariot",,1,1,49,
3,hades,Hades,"Codex - Perilous Foes",37,2249,"Nemean Chariot Complete",,1,1,50,
3,hades,Hades,"Codex - Perilous Foes",37,2250,"Flame Wheel",,1,1,51,
3,hades,Hades,"Codex - Perilous Foes",37,2251,"Flame Wheel Complete",,1,1,52,
3,hades,Hades,"Codex - Perilous Foes",37,2252,Brightsword,,1,1,53,
3,hades,Hades,"Codex - Perilous Foes",37,2253,"Brightsword Complete",,1,1,54,
3,hades,Hades,"Codex - Perilous Foes",37,2254,Longspear,,1,1,55,
3,hades,Hades,"Codex - Perilous Foes",37,2255,"Longspear Complete",,1,1,56,
3,hades,Hades,"Codex - Perilous Foes",37,2256,Strongbow,,1,1,57,
3,hades,Hades,"Codex - Perilous Foes",37,2257,"Strongbow Complete",,1,1,58,
3,hades,Hades,"Codex - Perilous Foes",37,2258,Greatshield,,1,1,59,
3,hades,Hades,"Codex - Perilous Foes",37,2259,"Greatshield Complete",,1,0,60,
3,hades,Hades,"Codex - Perilous Foes",37,2260,"Soul Catcher",,1,1,61,
3,hades,Hades,"Codex - Perilous Foes",37,2261,"Soul Catcher Complete",,1,0,62,
3,hades,Hades,"Codex - Perilous Foes",37,2262,Crawler,,1,1,63,
3,hades,Hades,"Codex - Perilous Foes",37,2263,"Crawler Complete",,1,1,64,
3,hades,Hades,"Codex - Perilous Foes",37,2264,"Gigantic Vermin",,1,1,65,
3,hades,Hades,"Codex - Perilous Foes",37,2265,"Gigantic Vermin Complete",,1,0,66,
3,hades,Hades,"Codex - Perilous Foes",37,2266,"King Vermin",,1,0,67,
3,hades,Hades,"Codex - Perilous Foes",37,2267,"King Vermin Complete",,1,0,68,
3,hades,Hades,"Codex - Perilous Foes",37,2268,Bother,,1,1,69,
3,hades,Hades,"Codex - Perilous Foes",37,2269,"Bother Complete",,1,0,70,
3,hades,Hades,"Codex - Perilous Foes",37,2270,Snakestone,,1,1,71,
3,hades,Hades,"Codex - Perilous Foes",37,2271,"Snakestone Complete",,1,0,72,
3,hades,Hades,"Codex - Perilous Foes",37,2272,"Satyr Cultist",,1,1,73,
3,hades,Hades,"Codex - Perilous Foes",37,2273,"Satyr Cultist Complete",,1,0,74,
3,hades,Hades,"Codex - Artifacts",38,2274,Diamond,,1,1,1,
3,hades,Hades,"Codex - Artifacts",38,2275,"Diamond Complete",,1,0,2,
3,hades,Hades,"Codex - Artifacts",38,2276,Nectar,,1,1,3,
3,hades,Hades,"Codex - Artifacts",38,2277,"Nectar Complete",,1,0,4,
3,hades,Hades,"Codex - Artifacts",38,2278,Ambrosia,,1,1,5,
3,hades,Hades,"Codex - Artifacts",38,2279,"Ambrosia Complete",,1,0,6,
3,hades,Hades,"Codex - Artifacts",38,2280,"Loyalty Card",,1,0,7,
3,hades,Hades,"Codex - Artifacts",38,2281,"Loyalty Card Complete",,1,0,8,
3,hades,Hades,"Codex - Artifacts",38,2282,"Red Onion",,1,0,9,
3,hades,Hades,"Codex - Artifacts",38,2283,"Red Onion Complete",,1,0,10,
3,hades,Hades,"Codex - River Denizens",39,2284,Mati,,1,0,1,
3,hades,Hades,"Codex - River Denizens",39,2285,"Mati Complete",,1,0,2,
3,hades,Hades,"Codex - River Denizens",39,2286,Projelly,,1,0,3,
3,hades,Hades,"Codex - River Denizens",39,2287,"Projelly Complete",,1,0,4,
3,hades,Hades,"Codex - River Denizens",39,2288,Voidsnake,,1,0,5,
3,hades,Hades,"Codex - River Denizens",39,2289,"Voidsnake Complete",,1,0,6,
3,hades,Hades,"Codex - River Denizens",39,2290,Hellfish,,1,0,7,
3,hades,Hades,"Codex - River Denizens",39,2291,"Hellfish Complete",,1,0,8,
3,hades,Hades,"Codex - River Denizens",39,2292,Knucklehead,,1,0,9,
3,hades,Hades,"Codex - River Denizens",39,2293,"Knucklehead Complete",,1,0,10,
3,hades,Hades,"Codex - River Denizens",39,2294,Scyllascion,,1,0,11,
3,hades,Hades,"Codex - River Denizens",39,2295,"Scyllascion Complete",,1,0,12,
3,hades,Hades,"Codex - River Denizens",39,2296,Slavug,,1,0,13,
3,hades,Hades,"Codex - River Denizens",39,2297,"Slavug Complete",,1,0,14,
3,hades,Hades,"Codex - River Denizens",39,2298,Chrustacean,,1,0,15,
3,hades,Hades,"Codex - River Denizens",39,2299,"Chrustacean Complete",,1,0,16,
3,hades,Hades,"Codex - River Denizens",39,2300,Flameater,,1,0,17,
3,hades,Hades,"Codex - River Denizens",39,2301,"Flameater Complete",,1,0,18,
3,hades,Hades,"Codex - River Denizens",39,2302,Chlam,,1,0,19,
3,hades,Hades,"Codex - River Denizens",39,2303,"Chlam Complete",,1,0,20,
3,hades,Hades,"Codex - River Denizens",39,2304,Charp,,1,0,21,
3,hades,Hades,"Codex - River Denizens",39,2305,"Charp Complete",,1,0,22,
3,hades,Hades,"Codex - River Denizens",39,2306,Seamare,,1,0,23,
3,hades,Hades,"Codex - River Denizens",39,2307,"Seamare Complete",,1,0,24,
3,hades,Hades,"Codex - River Denizens",39,2308,Gupp,,1,0,25,
3,hades,Hades,"Codex - River Denizens",39,2309,"Gupp Complete",,1,0,26,
3,hades,Hades,"Codex - River Denizens",39,2310,Scuffer,,1,0,27,
3,hades,Hades,"Codex - River Denizens",39,2311,"Scuffer Complete",,1,0,28,
3,hades,Hades,"Codex - River Denizens",39,2312,Stonewhal,,1,0,29,
3,hades,Hades,"Codex - River Denizens",39,2313,"Stonewhal Complete",,1,0,30,
3,hades,Hades,"Codex - River Denizens",39,2314,Trout,,1,0,31,
3,hades,Hades,"Codex - River Denizens",39,2315,"Trout Complete",,1,0,32,
3,hades,Hades,"Codex - River Denizens",39,2316,Bass,,1,0,33,
3,hades,Hades,"Codex - River Denizens",39,2317,"Bass Complete",,1,0,34,
3,hades,Hades,"Codex - River Denizens",39,2318,Sturgeon,,1,0,35,
3,hades,Hades,"Codex - River Denizens",39,2319,"Sturgeon Complete",,1,0,36,
3,hades,Hades,"Codex - Fables",40,2320,"Companion Battie",,1,0,1,
3,hades,Hades,"Codex - Fables",40,2321,"Companion Battie Complete",,1,0,2,
3,hades,Hades,"Codex - Fables",40,2322,"Companion Mort",,1,0,3,
3,hades,Hades,"Codex - Fables",40,2323,"Companion Mort Complete",,1,0,4,
3,hades,Hades,"Codex - Fables",40,2324,"Companion Fidi",,1,0,5,
3,hades,Hades,"Codex - Fables",40,2325,"Companion Fidi Complete",,1,0,6,
3,hades,Hades,"Codex - Fables",40,2326,"Companion Shady",,1,0,7,
3,hades,Hades,"Codex - Fables",40,2327,"Companion Shady Complete",,1,0,8,
3,hades,Hades,"Codex - Fables",40,2328,"Companion Rib",,1,0,9,
3,hades,Hades,"Codex - Fables",40,2329,"Companion Rib Complete",,1,0,10,
3,hades,Hades,"Codex - Fables",40,2330,"Companion Antos",,1,0,11,
3,hades,Hades,"Codex - Fables",40,2331,"Companion Antos Complete",,1,0,12,
3,hades,Hades,"House Contractor - Great Hall",41,2332,"Drapery, Azure",,1,1,1,
3,hades,Hades,"House Contractor - Great Hall",41,2333,"Drapery, Olive",,1,1,2,
3,hades,Hades,"House Contractor - Great Hall",41,2334,"Drapery, Bone",,1,1,3,
3,hades,Hades,"House Contractor - Great Hall",41,2335,"Drapery, Crimson",,1,1,4,
3,hades,Hades,"House Contractor - Great Hall",41,2336,"Trim, Ash Gray",,1,1,5,
3,hades,Hades,"House Contractor - Great Hall",41,2337,"Trim, Chthonic Purple",,1,1,6,
3,hades,Hades,"House Contractor - Great Hall",41,2338,"Trim, Blood-Red",,1,1,7,
3,hades,Hades,"House Contractor - Great Hall",41,2339,"Trim, Burnished gold",,1,0,8,
3,hades,Hades,"House Contractor - Great Hall",41,2340,"Flower Vase, Lilac",,1,1,9,
3,hades,Hades,"House Contractor - Great Hall",41,2341,"Flower Vase, Rose",,1,1,10,
3,hades,Hades,"House Contractor - Great Hall",41,2342,"Lighting, Wax Pillar",,1,0,11,
3,hades,Hades,"House Contractor - Great Hall",41,2343,"Lighting, Dual Stick",,1,0,12,
3,hades,Hades,"House Contractor - Great Hall",41,2344,"Laurels, Cobalt",,1,0,13,
3,hades,Hades,"House Contractor - Great Hall",41,2345,"Laurels, Deathly",,1,0,14,
3,hades,Hades,"House Contractor - Great Hall",41,2346,"Laurels, Crimson",,1,0,15,
3,hades,Hades,"House Contractor - Great Hall",41,2347,"Bedding, Quilted",,1,0,16,
3,hades,Hades,"House Contractor - Great Hall",41,2348,"Bedding, Fancy",,1,0,17,
3,hades,Hades,"House Contractor - Great Hall",41,2349,"Tiling, Skull",,1,0,18,
3,hades,Hades,"House Contractor - Great Hall",41,2350,"Towel Rack, Stygian",,1,0,19,
3,hades,Hades,"House Contractor - Great Hall",41,2351,"Plaything, Round",,1,0,20,
3,hades,Hades,"House Contractor - Great Hall",41,2352,"Plaything, Plush",,1,0,21,
3,hades,Hades,"House Contractor - Great Hall",41,2353,"Flames, Promethean",,1,0,22,
3,hades,Hades,"House Contractor - Great Hall",41,2354,"Decorative Arms, Xiphos",,1,0,23,
3,hades,Hades,"House Contractor - Great Hall",41,2355,"Decorative Arms, Labrys",,1,0,24,
3,hades,Hades,"House Contractor - Great Hall",41,2356,"Decorative Arms, Bident",,1,0,25,
3,hades,Hades,"House Contractor - Great Hall",41,2357,"Petals, Scattered",,1,0,26,
3,hades,Hades,"House Contractor - Great Hall",41,2358,"Petals, Shade-Strewn",,1,0,27,
3,hades,Hades,"House Contractor - Great Hall",41,2359,"Bonework, Ominous",,1,0,28,
3,hades,Hades,"House Contractor - Great Hall",41,2360,"Chaise, Divine",,1,0,29,
3,hades,Hades,"House Contractor - Great Hall",41,2361,"Mosaic, Chthonic",,1,0,30,
3,hades,Hades,"House Contractor - Great Hall",41,2362,"Mosaic, Minoan",,1,0,31,
3,hades,Hades,"House Contractor - Great Hall",41,2363,"Petals, Ever-Falling",,1,0,32,
3,hades,Hades,"House Contractor - Great Hall",41,2364,"Tombs, Royal",,1,0,33,
3,hades,Hades,"House Contractor - Great Hall",41,2365,"Columns, Divine",,1,0,34,
3,hades,Hades,"House Contractor - Great Hall",41,2366,"Columns, Jeweled",,1,0,35,
3,hades,Hades,"House Contractor - Great Hall",41,2367,"Columns, Ominous",,1,0,36,
3,hades,Hades,"House Contractor - Great Hall",41,2368,"Fireplace, Infernal",,1,0,37,
3,hades,Hades,"House Contractor - Great Hall",41,2369,"Insignia, Fated Order",,1,0,38,
3,hades,Hades,"House Contractor - Great Hall",41,2370,"Fireplace, Nocturnal",,1,0,39,
3,hades,Hades,"House Contractor - Great Hall",41,2371,"Treasures, Boatman's",,1,0,40,
3,hades,Hades,"House Contractor - Great Hall",41,2372,"Throne, Hell-Hound",,1,0,41,
3,hades,Hades,"House Contractor - Great Hall",41,2373,"East Wing Fountain",,1,0,42,
3,hades,Hades,"House Contractor - West Hall",42,2374,"Seating, Luxurious",,1,0,1,
3,hades,Hades,"House Contractor - West Hall",42,2375,"Rug, Earthly",,1,0,2,
3,hades,Hades,"House Contractor - West Hall",42,2376,"Rug, Chthonic",,1,0,3,
3,hades,Hades,"House Contractor - West Hall",42,2377,"Rug, Elysian",,1,0,4,
3,hades,Hades,"House Contractor - West Hall",42,2378,"Rug, Sanguine",,1,0,5,
3,hades,Hades,"House Contractor - West Hall",42,2379,"Rug, Guardpost",,1,0,6,
3,hades,Hades,"House Contractor - West Hall",42,2380,"Pedestals, Gilded",,1,0,7,
3,hades,Hades,"House Contractor - West Hall",42,2381,"Mirror, Guardpost",,1,0,8,
3,hades,Hades,"House Contractor - West Hall",42,2382,"Sculpture, Bloodless",,1,0,9,
3,hades,Hades,"House Contractor - West Hall",42,2383,"Contraption, Intricate",,1,0,10,
3,hades,Hades,"House Contractor - West Hall",42,2384,"Landscape, Tartarus",,1,0,11,
3,hades,Hades,"House Contractor - West Hall",42,2385,"Landscape, Asphodel",,1,0,12,
3,hades,Hades,"House Contractor - West Hall",42,2386,"Landscape, Elysium",,1,0,13,
3,hades,Hades,"House Contractor - West Hall",42,2387,"Sundail, Imported",,1,0,14,
3,hades,Hades,"House Contractor - West Hall",42,2388,"Portrait, Cerberus",,1,0,15,
3,hades,Hades,"House Contractor - West Hall",42,2389,"Portrait, Exalted Hero",,1,0,16,
3,hades,Hades,"House Contractor - West Hall",42,2390,"Portrait, Princess",,1,0,17,
3,hades,Hades,"House Contractor - West Hall",42,2391,"Bust, Old Man",,1,0,18,
3,hades,Hades,"House Contractor - West Hall",42,2392,"Painting, Night",,1,0,19,
3,hades,Hades,"House Contractor - West Hall",42,2393,"Painting, Prince",,1,0,20,
3,hades,Hades,"House Contractor - West Hall",42,2394,"Painting, Fury Sisters",,1,0,21,
3,hades,Hades,"House Contractor - West Hall",42,2395,"Painting, God of the Dead",,1,0,22,
3,hades,Hades,"House Contractor - West Hall",42,2396,"West Hall Fountain",,1,0,23,
3,hades,Hades,"House Contractor - West Hall",42,2397,"Chair, Deathlike",,1,0,24,
3,hades,Hades,"House Contractor - West Hall",42,2398,"Recliner, Deathlike",,1,0,25,
3,hades,Hades,"House Contractor - West Hall",42,2399,"Rug, Deathlike",,1,0,26,
3,hades,Hades,"House Contractor - West Hall",42,2400,"Table, Deathlike",,1,0,27,
3,hades,Hades,"House Contractor - West Hall",42,2401,"Flames, Deathlike",,1,0,28,
3,hades,Hades,"House Contractor - West Hall",42,2402,"Sculpture, Heroic",,1,0,29,
3,hades,Hades,"House Contractor - Lounge",43,2403,"Service, Deep Cleaning",,1,1,1,
3,hades,Hades,"House Contractor - Lounge",43,2404,"Service, Detailing",,1,0,2,
3,hades,Hades,"House Contractor - Lounge",43,2405,"Rug, Welcome",,1,0,3,
3,hades,Hades,"House Contractor - Lounge",43,2406,"Seating, Covered",,1,0,4,
3,hades,Hades,"House Contractor - Lounge",43,2407,"Seating, Olive",,1,0,5,
3,hades,Hades,"House Contractor - Lounge",43,2408,"Tables, Serpentine",,1,0,6,
3,hades,Hades,"House Contractor - Lounge",43,2409,"Seating, Red Hide",,1,0,7,
3,hades,Hades,"House Contractor - Lounge",43,2410,"Rug, Earthy",,1,0,8,
3,hades,Hades,"House Contractor - Lounge",43,2411,"Rug, Chthonic",,1,0,9,
3,hades,Hades,"House Contractor - Lounge",43,2412,"Rug, Elysian",,1,0,10,
3,hades,Hades,"House Contractor - Lounge",43,2413,"Rug, Sanguine",,1,0,11,
3,hades,Hades,"House Contractor - Lounge",43,2414,"Jar, Treat-Filled",,1,0,12,
3,hades,Hades,"House Contractor - Lounge",43,2415,"Meats, Cured",,1,0,13,
3,hades,Hades,"House Contractor - Lounge",43,2416,"Delicacy, Ambrosia",,1,0,14,
3,hades,Hades,"House Contractor - Lounge",43,2417,"Oven, Kitchenette",,1,0,15,
3,hades,Hades,"House Contractor - Lounge",43,2418,"Fire Pit, Wood-Burning",,1,0,16,
3,hades,Hades,"House Contractor - Lounge",43,2419,"Cauldron, Fiery",,1,0,17,
3,hades,Hades,"House Contractor - Lounge",43,2420,"Kitchenette, Expanded",,1,0,18,
3,hades,Hades,"House Contractor - Lounge",43,2421,"Spice Rack, Kitchenette",,1,0,19,
3,hades,Hades,"House Contractor - Lounge",43,2422,"Cutlery, Kitchenette",,1,0,20,
3,hades,Hades,"House Contractor - Lounge",43,2423,"Aquarium, Cubicle","can get info from this!",1,1,21,
3,hades,Hades,"House Contractor - Lounge",43,2424,"Painting, Skeletal",,1,0,22,
3,hades,Hades,"House Contractor - Lounge",43,2425,"Fireplace, Burial",,1,0,23,
3,hades,Hades,"House Contractor - Lounge",43,2426,"Bat Cage, All-Seeing (can get info from this!)",,1,0,24,
3,hades,Hades,"House Contractor - Lounge",43,2427,"Shortcut, Great Hall (helpful)",,1,0,25,
3,hades,Hades,"House Contractor - Lounge",43,2428,"Prism-Sphere, Revolting",,1,0,26,
3,hades,Hades,"House Contractor - Lounge",43,2429,"Shelf, Vintage",,1,0,27,
3,hades,Hades,"House Contractor - Bedchambers",44,2430,"Pool, Scrying","can get info from this!",1,1,1,
3,hades,Hades,"House Contractor - Bedchambers",44,2431,"Wall-Scroll, Achilles",,1,0,2,
3,hades,Hades,"House Contractor - Bedchambers",44,2432,"Wall-Scroll, Dionysus",,1,0,3,
3,hades,Hades,"House Contractor - Bedchambers",44,2433,"Rug, Stately",,1,0,4,
3,hades,Hades,"House Contractor - Bedchambers",44,2434,"Recliner, Fancy",,1,0,5,
3,hades,Hades,"House Contractor - Bedchambers",44,2435,"Wall-Scroll, Aphrodite",,1,0,6,
3,hades,Hades,"House Contractor - Bedchambers",44,2436,"Arms, Assorted",,1,0,7,
3,hades,Hades,"House Contractor - Bedchambers",44,2437,"Table, Entertainment",,1,0,8,
3,hades,Hades,"House Contractor - Bedchambers",44,2438,"Weights, Massive",,1,0,9,
3,hades,Hades,"House Contractor - Bedchambers",44,2439,"Bedding, Chthonic",,1,0,10,
3,hades,Hades,"House Contractor - Bedchambers",44,2440,"Lyre, Splendid (can get info from this!)",,1,0,11,
